Descrição,Valor Total,Nº Processo (SES-PRC),CNPJ,Fornecedor,Vigência (180 dias),last_update
Prestação de Serviços de Telemedicina,3700000.0,2020-12.031,60.765.823/0001-30,SOCIEDADE BENEFICIENTE ISRAELITA ALB EINSTEN,13/09/2020,2020-04-16
"Avental Descartavel; Em Nao Tecido, 100% Polipropileno (tnt), Laminado, Impermeavel, Nao Esteril, 50g/m2; Acabamento Em Overlock, Com Barreira de Protecao Hidrorrepelente, Hipoalergico, Tamanho 120 x 150 (a x L); Manga Longa Com Punho Em Malha Canelada Na Cor Branca, Avental Azul Claro Ou Verde Claro; Decote Com Com Tiras para Amarrar e Na Cintura, Com Aberturatraseira; Embalado Em Material Que Garanta a Integridade do Produto; o Produto Devera Obedecer a Legislacao Vigente.;",4992000.0,2020-12.375,02.881.877/0001-64,POLAR FIX IND E COM.PROD.HOSPITALARES LTD,13/09/2020,2020-04-16
"HIGIENIZADOR EM ESPUMA, NEUTRO, COMPOSTO DE ALCOOL ETILICO 70%, ALCOOL ISOPROPILICO MENOR QUE 5%, INDICADO PARA AÇÃO BACTERICIDA E ANTISSEPTICA PARA MÃOS, ACONDICIONADO EM EMBALAGEM C/VALVULA ANTI-RETORNO C/DISPENSAÇÃO ENTRE 0,4ML A 0,8ML, PRODUTO SUJEITO A VERIFICACAO NO ATO DA ENTREGA AOS PROCEDIMENTOS ADM. DETERMINADOS PELA ANVISA, VALIDADE MINIMA DE 12 MESES",4368000.0,2020-12.482,08.304.991/0001-08,PS DISTRIBUIDORA DE PRODUTOS DA SAUDE LTD,13/09/2020,2020-04-16
"HIGIENIZADOR EM ESPUMA ANTISSEPTICO DE MAOS, INCOLOR, COMPOSTO DE ALCOOL ETILICO 70%. ALCOOL ISOPROPILICO, AGENTES COMPLEMENTARRES PARA HIDRATACAO DA PELE, ACONDICIONADO EM VALVULA DOSADORA TIPO PUMP, ANTI RETORNO, COM SUPORTE ADAPTAVEL, PARA BE IRA DE LEITO E SUPORTE DE SORO, ACONDICIONADO EM FRASCO PLASTICO, PRODUTO SUJEITO A VERIFICACAO NO ATO DA ENTREGA DE ACORDO COM A LEGISLACAO VIGENTE. AOS PROCEDIMENTOS ADM. DETERMINADOS PELA ANVISA, VALIDADE MINIMA 12 MESES",560014.0,2020-12.482,08.304.991/0001-08,PS DISTRIBUIDORA DE PRODUTOS DA SAUDE LTD,13/09/2020,2020-04-16
"CAMA HOSPITALAR, COM MOVIMENTOS ELETRICOS:FOWLER,TRENDELENBURG, DORSO,PERNAS E ELEVACAO, NAS DIMENSOES (C X L X A) DE 190 X 80 X 55 A 80 CM INTERNAS. 215 X 100 CM EXTERNAS. CAPACIDADE 180 KG, 4 RODIZIOS DE 125 MM, SENDO 2 COM FREIOS EM DIAGONAL, ESTRUTURA EM CHAPA DE ACO, COM PINTURA EPOXI APOS TRATAMENTO  ANTIFERRUGINOSO. BASE REVESTIDA EM MAT.TERMOPL., ESTRADO EM CHAPA DE ACO DE 1,5 MM DE ESPESSURA, ARTICULADO, PERFURADO, C/ 04 SECCOES, CABECEIRA EM TUBO DE ACO INOX OU POLIURETANO INJETADO ATE AALTURA DO COLCHAO, PESEIRA EM TUBO DE ACO INOX OU POLIURETANO INJETADO ATE AALTURA DO COLCHAO, COM PARA-CHOQUES DE BORRACHA EM TODA VOLTA, COM GRADES LATERAIS EM TUBO DE ACO INOX OU 02 PARES EM POLIURETANO INJETADO. SUPORTE DE SORO EM ACO INOX, COM COLCHAO DENSIDADE 28 C/12CM DE ESPESSURA, REVESTIDO EM COURVIM.ALIMENTACAO 127 OU 220 V.BATERIA RECARREGAVEL, ACOMPANHANDO SUPORTE DE SORO,INOX. CERTIFICACAO ABNT NBR IEC 60",1380000.0,2020-12.508,54.178.983/0001-80,HOSPIMETAL IND METALURGICA EQUI,15/09/2020,2020-04-16
"SERVICO DE LOCACAO, CONTAINER REFRIGERADO",308200.0,2020-12.879,05.411.043/0001-83,CONSTRUMEX CONSTRUÇÃO LTDA,16/09/2020,2020-04-16
"OCULOS CIRURGICO DE PROTEÇÃO, EM MATERIAL ACRILICO OU SIMILAR SEM REBARBAS,ATOXICO, COM ADAPTACAO CONFORTAVEL AO ROSTO E PROTETOR LATERAL, EMBALADO EM MATERIAL QUE GARANTA A INTEGRIDADE DO PRODUTO, A APRESENTACAO DO PRODUTO DEVERA OBEDECER A LEGISLACAO ATUAL VIGENTE",16957.5,2020-12.919,07.439.329/0003-64,"DVT COMERCIO,IMPORTAÇÃO E EXPORTAÇÃO LTDA",15/09/2020,2020-04-16
"OCULOS CIRURGICO DE PROTEÇÃO, EM MATERIAL ACRILICO OU SIMILAR LENTE UNICA, TIPO AMPLA VISAO, INCOLOR, EM POLICARBONATO ANTI-EMBACANTE E ARMACAO EM PVC MALEAVEL, COM CONFORTÁVEL AO CONTORNO DO ROSTO C/REGULAGEM DE COMPRIMENTO E VENTILACAO DIRETA SUPERIOR, EMBALADO EM MATERIAL QUE GARANTA A INTEGRIDADE DO PRODUTO, A APRESENTACAO DO PRODUTO DEVERA OBEDECER A LEGISLACAO VIGENTE COM CERTIFICADO DE APROVAÇÃO (CA) VALIDO",24311.07,2020-12.919,07.439.329/0003-64,"DVT COMERCIO,IMPORTAÇÃO E EXPORTAÇÃO LTDA",15/09/2020,2020-04-16
"AVENTAL DESCARTAVEL, EM NAO TECIDO, 100% POLIPROPILENO (TNT), LAMINADO, ABSORVENTE E IMPERMEAVEL , NAO ESTERIL, 50G/M2, ACABAMENTO EM FECHAMENTO NAS COSTAS E CINTURA COM SISTEMA DE AJUSTE E FIXACAO ATRAVES DE DOIS PARES DE AMARRILHOS, MANGA LONGA COM PUNHO EM  MALHA CANELADA NA COLORIDO MEDINDO APROXIMADAMENTE 1,30 X 1,50, DECOTE COM VIÉS, TIRAS COSTURADAS, EM MATERIAL QUE GARANTA A INTEGRIDADE DO PRODUTO, O PRODUTO DEVERA OBEDECER A LEGISLAÇÃO VIGENTE",4750000.0,2020-12.922,27.608.037/0001-53,DEJAMARO IND E COM DE PROD MED HOSP LTDA,14/09/2020,2020-04-16
"AVENTAL DESCARTAVEL, EM NAO TECIDO (100% POLIPROPILENO), GRAMATURA 30 A 40G/M², NAO ESTERIL, PARA USO CLINICO E LABORATORIAL, ACABAMENTO EM OVERLOCK, COM PAR DE FITILHOS PARA AMARRAR NAS COSTAS E NO PESCOÇO, MANGA LONGA, COM LATEX NO PUNHO, SEM DECOTE, MEDINDO APROXIMADAMENTE 1,20 X 1,40CM, EMBALADO EM MATERIAL QUE GARANTA A INTEGRIDADE DO PRODUTO, O PRODUTO DEVERA OBEDECER A LEGISLACAO ATUAL VIGENTE.",3300000.0,2020-12.922,27.608.037/0001-53,DEJAMARO IND E COM DE PROD MED HOSP LTDA,14/09/2020,2020-04-16
"LENÇOL DESCARTAVEL, EM NÃO TECIDO, MEDINDO 200CM DE COMPRIMENTO X 90CM DE LARGURA, COM LATEX, EMBALADO INDIVIDUAL EM PLASTICO ATOXICO, A APRESENTACAO DO PRODUTO DEVERA OBEDECER A LEGISLACAO ATUAL VIGENTE.",950000.0,2020-12.922,27.608.037/0001-53,DEJAMARO IND E COM DE PROD MED HOSP LTDA,14/09/2020,2020-04-16
"MASCARA CIRURGICA DESCARTAVEL, EM NAO TECIDO,SENDO A CAMADA EXTERNA EM 100% POLIPROPILENO, INTERNA EM POLIPROPILENO E POLIETILENO, COM CLIP NASAL E PREGAS HORIZONTAIS,DE FACIL ADAPTACAO,COM TIRAS DENO MINIMO 20 CM DE COMPRIMENTO, COM 03 CAMADAS, SENDO A EXTERNA C/ 20G/M², A INTERNAC/30G/M² E  A INTERMEDIARIA C/ 20G/M², HIPOALERGICAS, SENDO A INTERMEDIARIA C/FILTRO QUE PROTECAO ADEQUADA, C/SISTEMA DE SELAGEM ELETRONICA, EMBALAGEM MATERIAL QUE GARANTA A INTEGRIDADE DO PRODUTO, A APRESENTACAO DO PRODUTO DEVERA OBEDECER A LEGISLACAO ATUAL VIGENTE.",1460000.0,2020-12.922,27.608.037/0001-53,DEJAMARO IND E COM DE PROD MED HOSP LTDA,14/09/2020,2020-04-16
"MASCARA DE PROTEÇÃO DESCARTAVEL, CONFECCIONADO EM 100% POLIPROPILENO, MEDINDO APROXIMADAMENTE 0,80 X 0,20 M COM TRIPLA CAMADA (DUAS CAMADAS EXTERNAS E UMA CAMADA INTERNA C/ FILTRO BACTERIANO COM GRAMATURA DE 30), COM ELÁSTICO REVESTIDO EM TODA A SUA EXTENSAO FACILITANDO ASSIM SUA COLOCAÇÃO, QUE PROPORCIONA CONFORTO AO VESTIR, USO EM INDIVIDUAL, APRESENTACAO EM NÃO ESTERIL, ROTULAGEM RESPEITANDO A CONFORME LEGISLAÇÃO ATUAL.",1460000.0,2020-12.922,27.608.037/0001-53,DEJAMARO IND E COM DE PROD MED HOSP LTDA,14/09/2020,2020-04-16
"MACACÃO DESCARTAVEL, 100% POLIPROPILENO/SMS PARA PROTECAO INDIVIDUAL, GRAMATURA DE 40 GRAMAS E FECHAMENTO NA FRENTE COM ZIPER, TAMANHO MÉDIO, USO INDIVIDUAL E NÃO ESTERIL",72000.0,2020-12.922,27.608.037/0001-53,DEJAMARO IND E COM DE PROD MED HOSP LTDA,14/09/2020,2020-04-16
"MACACÃO DESCARTAVEL, 100% POLIPROPILENO/SMS PARA PROTECAO INDIVIDUAL, GRAMATURA DE 40 GRAMAS E FECHAMENTO NA FRENTE COM ZIPER, TAMANHO GRANDE, USO INDIVIDUAL E NÃO ESTERIL",96000.0,2020-12.922,27.608.037/0001-53,DEJAMARO IND E COM DE PROD MED HOSP LTDA,14/09/2020,2020-04-16
"MACACÃO DESCARTAVEL, 100% POLIPROPILENO/SMS PARA PROTECAO INDIVIDUAL, GRAMATURA DE 40 GRAMAS E FECHAMENTO NA FRENTE COM ZIPER, TAMANHO EXTRA GRANDE, USO INDIVIDUAL E NÃO ESTERIL",72000.0,2020-12.922,27.608.037/0001-53,DEJAMARO IND E COM DE PROD MED HOSP LTDA,14/09/2020,2020-04-16
"TERMOMETRO CLINICO  DIGITAL SEM CONTATO PARA MEDICAO DE TEMPERATURA CORPOREA E DE OBJETOS A DISTANCIA, EM MATERIAL BIOCOMPATIVEL C/ SENSOR INFRAVERMELHO, LEITURA POR BATERIA, TEMPO TESTE APROX 1 SEGUNDO, GRADUADA EM GRAUS CELSIUS OU FAHRENHEIT, LEITURA APROXIMADAMENTE 20 A 42ºC OU 68,4 A 108°F DESLIGUE AUTOMATICO, EMBALAGEM INDIVIDUAL, EM MATERIAL QUE GARANTA A INTEGRIDADE DO PRODUTO, ROTULAGEM DE ACORDO COM LEGISLACAO VIGENTE DE ACORDO COMA VIGENTE ACOMPANHADO DE CERTIFICADO DE CALIBRAÇÃO.",11500.0,2020-13.108,06.105.362/0001-23,ACCUMED PRODUTOS MEDICOS HOSPITALARES,15/09/2020,2020-04-16
"Máscara de proteção tipo respirador, formato anatômico, adulto descartável, antialérgica, inodora, atóxica, confeccionada em fibras de poliéster, com meio filtrante,camada externa de polipropileno e polietileno, uma camada interna de celulose /poliéster (classe PFF2/ N 95), um par de elásticos para fixação. O produto deverá atender a NBR 13698 e 13697 e aprovação no Ministério do Trabalho. Embalado em material que garanta a integridade do produto.",430800.0,2020-13.265,45.985.371/0001-08,3M DO BRASIL LTDA,19/09/2020,2020-04-16
"HIGIENIZADOR EM ESPUMA, NEUTRO, COMPOSTO DE ALCOOL ETILICO 70%, ALCOOL ISOPROPILICO MENOR QUE 5%, INDICADO PARA AÇÃO BACTERICIDA E ANTISSEPTICA PARA MÃOS, ACONDICIONADO EM EMBALAGEM C/VALVULA ANTI-RETORNO C/DISPENSAÇÃO ENTRE 0,4ML A 0,8ML, PRODUTO SUJEITO A VERIFICACAO NO ATO DA ENTREGA AOS PROCEDIMENTOS ADM. DETERMINADOS PELA ANVISA, VALIDADE MINIMA DE 12 MESES",4368000.0,2020-13.317,08.304.991/0001-08,PS DISTRIBUIDORA DE PRODUTOS DA SAUDE LTD,19/09/2020,2020-04-16
"HIGIENIZADOR EM ESPUMA ANTISSEPTICO DE MAOS, INCOLOR, COMPOSTO DE ALCOOL ETILICO 70%. ALCOOL ISOPROPILICO, AGENTES COMPLEMENTARRES PARA HIDRATACAO DA PELE, ACONDICIONADO EM VALVULA DOSADORA TIPO PUMP, ANTI RETORNO, COM SUPORTE ADAPTAVEL, PARA BE IRA DE LEITO E SUPORTE DE SORO, ACONDICIONADO EM FRASCO PLASTICO, PRODUTO SUJEITO A VERIFICACAO NO ATO DA ENTREGA DE ACORDO COM A LEGISLACAO VIGENTE. AOS PROCEDIMENTOS ADM. DETERMINADOS PELA ANVISA, VALIDADE MINIMA 12 MESES",728000.0,2020-13.317,08.304.991/0001-08,PS DISTRIBUIDORA DE PRODUTOS DA SAUDE LTD,19/09/2020,2020-04-16
"LUVA PARA PROCEDIMENTO, EM VINIL, ATOXICA E ANTIALERGICA, COM BOA SENSIBILIDADE TATIL, COM TEXTURA UNIFORME,SEM FALHAS E FORMATO ANATOMICO, COM BOA ELASTICIDADE, RESISTENTE, NAO LUBRIFICADA, ISENTA DE TALCO OU QUALQUER OUTRO TIPO DE PO, NO TAMANHO GRANDE, COM PUNHO ACABADO DE 04 A 06 CM COM BAINHA DO MESMO MATERIAL DA LUVA, NAO ESTERIL, EMBALADO EM MATERIAL QUE GARANTA A INTEGRIDADE DO PRODUTO, O PRODUTO DEVERA SER ENTREGUE ACOMPANHADO DO CA,E REGISTRO DO MINISTERIO DA SAUDE E ATENDER A NBR 11193-1",480000.0,2020-14.225,09.260.071/0001-06,CIRURGICA KD LTDA,21/09/2020,2020-04-16
"LUVA DE PROCEDIMENTO EM 100% BORRACHA NITRILICA, SEM FORRO, COR VARIADA, COM BOA SENSIBILIDADE TATIL, COM TEXTURA UNIFORME, SEM FALHAS E FORMATO ANATOMICO, NAO TALCADA, NO TAMANHO MEDIO, COM PUNHO ACABADO DE CANO LONGO, NAO ESTERIL, EMBALADO EM MATERIAL QUE GARANTA A INTEGRIDADE DO PRODUTO, O PRODUTO DEVERA SER ENTREGUE ACOMPANHADO DO CA, E ATENDER A LEGISLAÇÃO ATUAL",525000.0,2020-14.225,09.260.071/0001-06,CIRURGICA KD LTDA,21/09/2020,2020-04-16
"LUVA DE PROCEDIMENTO EM 100% BORRACHA NITRILICA, SEM FORRO, COR VARIADA, COM BOA SENSIBILIDADE TATIL, COM TEXTURA UNIFORME, SEM FALHAS E FORMATO ANATOMICO, NAO TALCADA, NO TAMANHO PEQUENO, COM PUNHO ACABADO DE CANO LONGO, NAO ESTERIL, EMBALADO EM MATERIAL QUE GARANTA A INTEGRIDADE DO PRODUTO, O PRODUTO DEVERA SER ENTREGUE ACOMPANHADO DO CA, E ATENDER A LEGISLAÇÃO ATUAL",525000.0,2020-14.225,09.260.071/0001-06,CIRURGICA KD LTDA,21/09/2020,2020-04-16
Servico de Manutencao em Equipamento de Uso Clinico Geral - Manutencao Preventiva e Corretiva em Equipamentos Medico-hospitalares,6224308.62,2020-14.267,08.441.389/0001-12,COMPREHENSE DO BRASIL EQUIPAMENTOS MEDICO-HOSPITALARES,30/09/2020,2020-04-16
"Máscara de proteção tipo respirador, formato anatômico, adulto descartável, antialérgica, inodora, atóxica, confeccionada em fibras de poliéster, com meio filtrante,camada externa de polipropileno e polietileno, uma camada interna de celulose /poliéster (classe PFF2/ N 95), um par de elásticos para fixação. O produto deverá atender a NBR 13698 e 13697 e aprovação no Ministério do Trabalho. Embalado em material que garanta a integridade do produto.",26810789.04,2020-14.303,84.451.012/0001-22,ILLEC INTERNATIONAL LIMITED - BRASIL,23/09/2020,2020-04-16
"MASCARA CIRURGICA DESCARTAVEL, EM NAO TECIDO,SENDO A CAMADA EXTERNA EM 100% POLIPROPILENO, INTERNA EM POLIPROPILENO E POLIETILENO, COM CLIP NASAL E PREGAS HORIZONTAIS,DE FACIL ADAPTACAO,COM TIRAS DENO MINIMO 20 CM DE COMPRIMENTO, COM 03 CAMADAS, SENDO A EXTERNA C/ 20G/M², A INTERNAC/30G/M² E  A INTERMEDIARIA C/ 20G/M², HIPOALERGICAS, SENDO A INTERMEDIARIA C/FILTRO QUE PROTECAO ADEQUADA, C/SISTEMA DE SELAGEM ELETRONICA, EMBALAGEM MATERIAL QUE GARANTA A INTEGRIDADE DO PRODUTO, A APRESENTACAO DO PRODUTO DEVERA OBEDECER A LEGISLACAO ATUAL VIGENTE.",40429500.0,2020-14.303,84.451.012/0001-22,ILLEC INTERNATIONAL LIMITED - BRASIL,23/09/2020,2020-04-16
"SABONETE, EM ESPUMA, COMPOSTO DE ALCOOL ISOPROPILICO, LAURILSULF.DE SODIO, DIMETICONA, COCOATO DE GLICERINA, COAMIDOPROPIL BETAINA, COCOAMFODIACETATO DISSODICO, SOLVENTE, UMECTANTE, SURFACTANTE, PARA HIGIENE DAS MAOS, FRASCO REFIL RIGIDO,DISPENSACAO DE 0.4ML POR PROCEDIMENTO, COM SISTEMA DOSADOR E VALVULA DESCARTAVEL, PRODUTO SUJEITO A VERIFICACO NO ATO DA ENTREGA, AOS PROCEDIMENTOS ADMINISTRATIVOS DETERMINADOS PELA ANVISA",165000.0,2020-14.348,04.124.669/0001-46,TECNO 4 PRODUTOS HOSPITALARES LTDA. EPP,26/09/2020,2020-04-16
"MONITOR DE PARAMETROS FISIOLOGICOS, PARA SPO2, PORTATIL, MICROPROCESSADO, CONTROLE POR BOTAO ROTATIVO OU TECLADO, TELA DE LCD, APRESENTACAO DE CURVA PLESTIMOGRAFICA E VALOR, APRESENTANDO OXIMETRIA ESCALA DE 30 A 100 %, ALARMES PARA ALTA E BAIXA SATURACAO DE OXIGENIO, AUDIOVISUAIS AJUSTAVEIS, PROTECAO CONFORME NORMA NBR IEC 60601 -1, ALIMENTACAO 110 A 220 V / 60 HZ,BATERIA INTERNA RECARREGAVEL INCORPORADA COM AUTONOMIA DE 1,5 HORAS, ACOMPANHA: SENSORES REUTILIZAVEIS: 2 ADULTO TIPO CLIP DE DEDO, 1 PEDIATRICO E 1 NEONATAL, INCLUI: INSTALACAO, GARANTIA 12 MESES, TREINAMENTO E ASSISTENCIA TECNICA",690000.0,2020-14.489,11.405.384/0001-49,ALFA MED SISTEMAS MÉDICOS LTDA.,04/10/2020,2020-04-16
"MASCARA FACIAL, COM ADAPTADOR PARA O VISOR COM ELASTICO, NÃO ESTERIL, ANATOMICO, SEM REBARBAS PROTEÇÃO DE LIQUIDOS E POEIRAS, CONSTITUIDO DE VISOR EM POLICARBONATO, MEDINDO APROXIMADAMENTE 22,2CM X 23,8CM E 0,5MM DE ESPESSURA, TRANSPARENTE, A APRESENTACAO DO PRODUTO DEVERA OBEDECER A LEGISLAÇÃO ATUAL VIGENTE E EMBALADO INDIVIDUALMENTE EM MATERIAL QUE GARANTA A INTEGRIDADE DO PRODUTO",320000.0,2020-14.498,04.626.152/0001-55,HANNOVER PLASTICOS S.A.,23/09/2020,2020-04-16
"SISTEMA DE ASPIRACAO TRAQUEAL FECHADO, COMPOSTO POR: SONDA DE ASPIRACAO ENDOTRAQUEAL, EM PVC OU SIMILAR, COM PONTA LISA, MEDINDO NO MINIMO 48CM DE COMPRIMENTO E CALIBRE 10 FR COM MARCA DE GRADUACAO EM TODA EXTENSAO DO TUBO, COM C/ORIFICIOS LATERAIS INDICADO P/ PROCEDIMENTOS DE ASPIRACAO DE SECRECOES EM PACIENTES EM VENTILACAO, LUVA EM ACETATO VINILO POLIETILENO OU SIMILAR,POSSIBILITA OMANUSEIO DO TUBO S/ CONTATO C/SECRECAO, ADAPTADOR COM UNIVERSAL, COM APRESENTA VIA MDI, POSSIBILITA O USO DE AEROSSOL SEM DESCONEXAO DO TUBO, COM POSSUI VALVULA P/ ATIVAÇAO DA ASPIRACAO, VIA DE IRRIGACAO QUE PERMITE INSTILACAO E LAVAGEM DO TUBO, CONECTOR DE VACUO COM TAMPA PROTETORA, ESTERIL, EMBALADO EM EMBALAGEM INDIVIDUAL, A APRESENTACAO DO PRODUTO DEVERA OBEDECER A LEGISLACAO VIGENTE",29118.96,2020-14.506,61.418.042/0001-31,CIR.FERNANDES COM.MAT.CIR.E HOS.SOCIED.LT,26/09/2020,2020-04-16
"SISTEMA DE ASPIRACAO TRAQUEAL FECHADO, COMPOSTO POR: SONDA DE ASPIRACAO ENDOTRAQUEAL, EM PVC OU SIMILAR, COM PONTA LISA, MEDINDO NO MINIMO 48CM DE COMPRIMENTO E CALIBRE 14 FR COM MARCA DE GRADUACAO EM TODA EXTENSAO DO TUBO, COM C/ORIFICIOS LATERAIS INDICADO P/ PROCEDIMENTOS DE ASPIRACAO DE SECRECOES EM PACIENTES EM VENTILACAO, LUVA EM ACETATO VINILO POLIETILENO OU SIMILAR,POSSIBILITA O MANUSEIO DO TUBO S/ CONTATO C/ SECRECAO, ADAPTADOR COM UNIVERSAL, COM APRESENTA VIA MDI, POSSIBILITA O USO DE AEROSSOL SEM DESCONEXAO DO TUBO, COM POSSUI VALVULA P/ ATIVAÇAO DA ASPIRACAO, VIA DE IRRIGACAO QUE PERMITE INSTILACAO E LAVAGEM DO TUBO, CONECTOR DE VACUO COM TAMPA PROTETORA, ESTERIL, EMBALADO EM EMBALAGEM INDIVIDUAL, A APRESENTACAO DO PRODUTO DEVERA OBEDECER A LEGISLACAO VIGENTE",851169.6,2020-14.506,61.418.042/0001-31,CIR.FERNANDES COM.MAT.CIR.E HOS.SOCIED.LT,26/09/2020,2020-04-16
"SISTEMA DE ASPIRACAO TRAQUEAL FECHADO, COMPOSTO POR: SONDA DE ASPIRACAO ENDOTRAQUEAL, EM PVC OU SIMILAR, COM PONTA LISA, MEDINDO NO MINIMO 48CM DE COMPRIMENTO E CALIBRE 16 FR COM MARCA DE GRADUACAO EM TODA EXTENSAO DO TUBO, COM C/ORIFICIOS LATERAIS INDICADO P/ PROCEDIMENTOS DE ASPIRACAO DE SECRECOES EM PACIENTES EM VENTILACAO, LUVA EM ACETATO VINILO POLIETILENO OU SIMILAR,POSSIBILITA O MANUSEIO DO TUBO S/ CONTATO C/ SECRECAO, ADAPTADOR COM UNIVERSAL, COM APRESENTA VIA MDI, POSSIBILITA O USO DE AEROSSOL SEM DESCONEXAO DO TUBO, COM POSSUI VALVULA P/ ATIVAÇAO DA ASPIRACAO, VIA DE IRRIGACAO QUE PERMITE INSTILACAO E LAVAGEM DO TUBO, CONECTOR DE VACUO COM TAMPA PROTETORA, ESTERIL, EMBALADO EM EMBALAGEM INDIVIDUAL, A APRESENTACAO DO PRODUTO DEVERA OBEDECER A LEGISLACAO VIGENTE",126928.8,2020-14.506,61.418.042/0001-31,CIR.FERNANDES COM.MAT.CIR.E HOS.SOCIED.LT,26/09/2020,2020-04-16
"SISTEMA DE ASPIRACAO TRAQUEAL FECHADO, COMPOSTO POR: SONDA DE ASPIRACAO ENDOTRAQUEAL, EM PVC OU SIMILAR, COM PONTA LISA, MEDINDO NO MINIMO 48CM DE COMPRIMENTO E CALIBRE 12 FR COM MARCA DE GRADUACAO EM TODA EXTENSAO DO TUBO, COM C/ORIFICIOS LATERAIS INDICADO P/ PROCEDIMENTOS DE ASPIRACAO DE SECRECOES EM PACIENTES EM VENTILACAO, LUVA EM ACETATO VINILO POLIETILENO OU SIMILAR,POSSIBILITA OMANUSEIO DO TUBO S/ CONTATO C/ SECRECAO, ADAPTADOR COM UNIVERSAL, COM APRESENTA VIA MDI, POSSIBILITA O USO DE AEROSSOL SEM DESCONEXAO DO TUBO, COM POSSUI VALVULA P/ ATIVAÇAO DA ASPIRACAO, VIA DE IRRIGACAO QUE PERMITE INSTILACAO E LAVAGEM DO TUBO, CONECTOR DE VACUO COM TAMPA PROTETORA, ESTERIL, EMBALADO EM EMBALAGEM INDIVIDUAL, A APRESENTACAO DO PRODUTO DEVERA OBEDECER A LEGISLACAO VIGENTE",418118.4,2020-14.506,61.418.042/0001-31,CIR.FERNANDES COM.MAT.CIR.E HOS.SOCIED.LT,26/09/2020,2020-04-16
"SISTEMA DE ASPIRACAO TRAQUEAL FECHADO, COMPOSTO POR: SONDA DE ASPIRACAO ENDOTRAQUEAL, EM PVC OU SIMILAR, COM PONTA LISA, MEDINDO NO MINIMO 29CM DE COMPRIMENTO E CALIBRE 8 FR COM MARCA DE GRADUACAO EM TODA EXTENSAO DO TUBO, COM C/ORIFICIOS LATERAIS INDICADO P/ PROCEDIMENTOS DE ASPIRACAO DE SECRECOES EM PACIENTES EM VENTILACAO, LUVA EM ACETATO VINILO POLIETILENO OU SIMILAR, POSSIBILITA O MANUSEIO DO TUBO S/ CONTATO C/ SECRECAO, ADAPTADOR COM UNIVERSAL, COM APRESENTA VIA MDI, POSSIBILITA O USO DE AEROSSOL SEM DESCONEXAO DO TUBO, COM POSSUI VALVULA P/ ATIVAÇAO DA ASPIRACAO, VIA DE IRRIGACAO QUE PERMITE INSTILACAO E LAVAGEM DO TUBO, CONECTOR DE VACUO COM TAMPA PROTETORA, ESTERIL, EMBALADO EM EMBALAGEM INDIVIDUAL, A APRESENTACAO DO PRODUTO DEVERA OBEDECER A LEGISLACAO VIGENTE",193662.0,2020-14.506,61.418.042/0001-31,CIR.FERNANDES COM.MAT.CIR.E HOS.SOCIED.LT,26/09/2020,2020-04-16
"SISTEMA DE ASPIRACAO TRAQUEAL FECHADO, COMPOSTO POR: SONDA DE ASPIRACAO ENDOTRAQUEAL, EM PVC OU SIMILAR, COM PONTA LISA, MEDINDO NO MINIMO 29 CM DE COMPRIMENTO E CALIBRE 6 FR COM MARCA DE GRADUACAO EM TODA EXTENSAO DO TUBO, COM C/ORIFICIOS LATERAIS INDICADO P/ PROCEDIMENTOS DE ASPIRACAO DE SECRECOES EM PACIENTES EM VENTILACAO, LUVA EM ACETATO VINILO POLIETILENO OU SIMILAR,POSSIBILITA O MANUSEIO DO TUBO S/ CONTATO C/ SECRECAO, ADAPTADOR COM UNIVERSAL, COM APRESENTA VIA MDI, POSSIBILITA O USO DE AEROSSOL SEM DESCONEXAO DO TUBO, COM POSSUI VALVULA P/ ATIVAÇAO DA ASPIRACAO, VIA DE IRRIGACAO QUE PERMITE INSTILACAO E LAVAGEM DO TUBO, CONECTOR DE VACUO COM TAMPA PROTETORA, ESTERIL, EMBALADO EM EMBALAGEM INDIVIDUAL, A APRESENTACAO DO PRODUTO DEVERA OBEDECER A LEGISLACAO VIGENTE",304326.0,2020-14.506,61.418.042/0001-31,CIR.FERNANDES COM.MAT.CIR.E HOS.SOCIED.LT,26/09/2020,2020-04-16
"CANULA ENDOTRAQUEAL, CONFECCIONADA EM PVC, TRANSPARENTE, FLEXIVEL, ATOXICO, COM CONECTOR, COM OLHO DE MURPHY, SEM MANDRIL, S/CUFF, SEM VALVULA, 3,0 MM (14 FR), EXTREMIDADE ATRAUMATICA, COM GRADUACAO INDELEVEL, USO UNICO, COM FIO RADIOPACO, ESTERIL, EMBALADO EM MATERIAL QUE PROMOVA BARREIRA MICROBIANA E ABERTURA ASSEPTICA E OBEDECER LEGISLACAO ATUAL VIGENTE",25302.82,2020-14.609,61.418.042/0001-31,CIR.FERNANDES COM.MAT.CIR.E HOS.SOCIED.LT,26/09/2020,2020-04-16
"CANULA ENDOTRAQUEAL, CONFECCIONADA EM PVC, TRANSPARENTE, FLEXIVEL, ATOXICO, COM CONECTOR, COM OLHO DE MURPHY, SEM MANDRIL, SEM CUFF, SEM VALVULA, 3,5 MM (16 FR), EXTREMIDADE ATRAUMATICA, COM GRADUACAO INDELEVEL, USO UNICO, COM FIO RADIOPACO, ESTERIL, EMBALADO EM MATERIAL QUE PROMOVA BARREIRA MICROBIANA E ABERTURA ASSEPTICA E OBEDECER LEGISLACAO ATUAL VIGENTE",12243.3,2020-14.609,61.418.042/0001-31,CIR.FERNANDES COM.MAT.CIR.E HOS.SOCIED.LT,26/09/2020,2020-04-16
"CANULA ENDOTRAQUEAL, CONFECCIONADA EM PVC, TRANSPARENTE, FLEXIVEL, ATOXICO, COM CONECTOR, COM OLHO DE MURPHY, SEM MANDRIL, COM CUFF DE BAIXA PRESSAO E ALTO VOLUME, COM VALVULA DE SEGURANCA, 7,5 MM (32 FR), EXTREMIDADE DA CANULA ATRAUMATICA, COM GRADUACAO INDELEVEL, USO UNICO, COM FIO RADIOPACO, ESTERIL, EMBALADO EM MATERIAL QUE PROMOVA BARREIRA MICROBIANA E ABERTURA ASSEPTICA E OBEDECER A LEGISLACAO ATUAL VIGENTE",80417.26,2020-14.609,61.418.042/0001-31,CIR.FERNANDES COM.MAT.CIR.E HOS.SOCIED.LT,26/09/2020,2020-04-16
"CANULA ENDOTRAQUEAL, CONFECCIONADA EM PVC, TRANSPARENTE, FLEXIVEL, ATOXICO, COM CONECTOR, COM OLHO DE MURPHY, SEM MANDRIL, COM CUFF DE BAIXA PRESSAO E ALTO VOLUME, COM VALVULA DE SEGURANCA, 9.0 MM (38 FR), EXTREMIDADE DA CANULA ATRAUMATICA, COM GRADUACAO INDELEVEL, USO UNICO, COM FIO RADIOPACO, ESTERIL, EMBALADO EM MATERIAL QUE PROMOVA BARREIRA MICROBIANA E ABERTURA ASSEPTICA E OBEDECER A LEGISLACAO VIGENTE",32695.7,2020-14.609,61.418.042/0001-31,CIR.FERNANDES COM.MAT.CIR.E HOS.SOCIED.LT,26/09/2020,2020-04-16
"CANULA ENDOTRAQUEAL, CONFECCIONADA EM PVC, TRANSPARENTE, FLEXIVEL,ATOXICO, COM CONECTOR,COM OLHO DE MURPHY, SEM MANDRIL, COM CUFF DE BAIXA PRESSAO E ALTO VOLUME, COM VALVULA DE SEGURANCA, CALIBRE 6,0 MM (26 FR), EXTREMIDADE DA CANULA ATRAUMATICA, COM GRADUACAO INDELEVEL, USO UNICO, COM FIO RADIOPACO, ESTERIL, EMBALADO EM MATERIAL QUE PROMOVA BARREIRA MICROBIANA E ABERTURA ASSEPTICA E OBEDECER A LEGISLACAO VIGENTE",21409.79,2020-14.609,61.418.042/0001-31,CIR.FERNANDES COM.MAT.CIR.E HOS.SOCIED.LT,26/09/2020,2020-04-16
"CANULA ENDOTRAQUEAL, CONFECCIONADA EM PVC, TRANSPARENTE, FLEXIVEL, ATOXICO, COM CONECTOR, COM OLHO DE MURPHY, SEM MANDRIL, COM CUFF DE BAIXA PRESSAO E ALTO VOLUME, COM VALVULA DE SEGURANCA, CALIBRE 6,5 MM (28 FR), EXTREMIDADE DA CANULA ATRAUMATICA, COM GRADUACAO INDELEVEL, USO UNICO, COM FIO RADIOPACO, ESTERIL, EMBALADO EM MATERIAL QUE PROMOVA BARREIRA MICROBIANA E ABERTURA ASSEPTICA E OBEDECER A LEGISLACAO VIGENTE",23602.99,2020-14.609,61.418.042/0001-31,CIR.FERNANDES COM.MAT.CIR.E HOS.SOCIED.LT,26/09/2020,2020-04-16
"CANULA ENDOTRAQUEAL, CONFECCIONADA EM PVC, TRANSPARENTE, FLEXIVEL, ATOXICO, COM CONECTOR, COM OLHO DE MURPHY, SEM MANDRIL, COM CUFF DE BAIXA PRESSAO E ALTO VOLUME, COM VALVULA DE SEGURANCA, CALIBRE 7,0 MM (30 FR), EXTREMIDADE DA CANULA ATRAUMATICA, COM GRADUACAO INDELEVEL, USO UNICO, COM FIO RADIOPACO, ESTERIL, EMBALADO EM MATERIAL QUE PROMOVA BARREIRA MICROBIANA E ABERTURA ASSEPTICA E OBEDECER A LEGISLACAO VIGENTE",41253.01,2020-14.609,61.418.042/0001-31,CIR.FERNANDES COM.MAT.CIR.E HOS.SOCIED.LT,26/09/2020,2020-04-16
"CANULA ENDOTRAQUEAL, CONFECCIONADA EM PVC,TRANSPARENTE, FLEXIVEL, ATOXICO, COM CONECTOR,COM OLHO DE MURPHY, SEM MANDRIL, COM CUFF DE BAIXA PRESSAO E ALTO VOLUME, COM VALVULA DE SEGURANCA, CALIBRE 8,0 MM (34 FR), EXTREMIDADE DA CANULA ATRAUMATICA, COM GRADUACAO INDELEVEL, USO UNICO, COM FIO RADIOPACO, ESTERIL, EMBALADO EM MATERIAL QUE PROMOVA BARREIRA MICROBIANA E ABERTURA ASSEPTICA,DE ACORDE C/A LEGISLACAO ATUALVIGENTE",79895.07,2020-14.609,61.418.042/0001-31,CIR.FERNANDES COM.MAT.CIR.E HOS.SOCIED.LT,26/09/2020,2020-04-16
"CANULA ENDOTRAQUEAL, CONFECCIONADA EM PVC, TRANSPARENTE, FLEXIVEL, ATOXICO, COM CONECTOR, COM OLHO DE MURPHY, SEM MANDRIL, COM CUFF DE BAIXA PRESSAO E ALTO VOLUME, COM VALVULA DE SEGURANCA, CALIBRE 8.5 MM (36 FR), EXTREMIDADE DA CANULA ATRAUMATICA, COM GRADUACAO INDELEVEL, USO UNICO, COM FIO RADIOPACO, ESTERIL, EMBALADO EM MATERIAL QUE PROMOVA BARREIRA MICROBIANA E ABERTURA ASSEPTICA E OBEDECER A LEGISLACAO VIGENTE",42297.39,2020-14.609,61.418.042/0001-31,CIR.FERNANDES COM.MAT.CIR.E HOS.SOCIED.LT,26/09/2020,2020-04-16
"CANULA ENDOTRAQUEAL, CONFECCIONADA EM PVC, TRANSPARENTE, FLEXIVEL, ATOXICO, COM CONECTOR, COM OLHO DE MURPHY, SEM MANDRIL, COM CUFF DE BAIXA PRESSÃO E ALTO VOLUME, COM VALVULA DE SEGURANCA, 4,5 MM (20 FR), EXTREMIDADE DA CANULA ATRAUMATICA, COM GRADUACAO INDELEVEL, USO UNICO, COM FIO RADIOPACO, ESTERIL, EMBALADO EM MATERIAL QUE PROMOVA BARREIRA MICROBIANA, ABERTURA ASSEPTICA E OBEDECER A LEGISLACAO VIGENTE",13576.94,2020-14.609,61.418.042/0001-31,CIR.FERNANDES COM.MAT.CIR.E HOS.SOCIED.LT,26/09/2020,2020-04-16
"CANULA ENDOTRAQUEAL, CONFECCIONADA EM PVC, TRANSPARENTE, FLEXIVEL, ATOXICO, COM CONECTOR, COM OLHO DE MURPHY, SEM MANDRIL, COM CUFF DE BAIXA PRESSÃO E ALTO VOLUME, COM VALVULA DE SEGURANCA, 5.5 MM (24 FR), COM EXTREMIDADE ATRAUMATICA, COM GRADUACAO INDELEVEL, USO UNICO, COM FIO RADIOPACO, ESTERIL, EMBALADO EM MATERIAL QUE PROMOVA BARREIRA MICROBIANA, ABERTURA ASSEPTICA E ATENDA A LEGISLACAO ATUAL VIGENTE",31331.4,2020-14.609,61.418.042/0001-31,CIR.FERNANDES COM.MAT.CIR.E HOS.SOCIED.LT,26/09/2020,2020-04-16
"CANULA ENDOTRAQUEAL, CONFECCIONADA EM PVC, TRANSPARENTE, FLEXIVEL, ATOXICO, COM CONECTOR, COM OLHO DE MURPHY, SEM MANDRIL, COM CUFF DE BAIXA PRESSAO E ALTO VOLUME, COM VALVULA DE SEGURANCA, CALIBRE 4,0 MM (18 FR), COM EXTREMIDADE ATRAUMATICA, COM GRADUACAO INDELEVEL, USO UNICO, COM FIO RADIOPACO, ESTERIL, EMBALADO EM MATERIAL QUE PROMOVA BARREIRA MICROBIANA E ABERTURA ASSEPTICA E OBEDECER A LEGISLACAO VIGENTE",15665.7,2020-14.609,61.418.042/0001-31,CIR.FERNANDES COM.MAT.CIR.E HOS.SOCIED.LT,26/09/2020,2020-04-16
"CANULA ENDOTRAQUEAL, CONFECCIONADA EM PVC, TRANSPARENTE, FLEXIVEL, ATOXICO, COM CONECTOR, COM OLHO DE MURPHY, SEM MANDRIL, COM CUFF DE BAIXA PRESSAO E ALTO VOLUME, COM VALVULA DE SEGURANCA, CALIBRE 5,0 MM (22 FR), COM EXTREMIDADE ATRAUMATICA, COM GRADUACAO INDELEVEL, USO UNICO, COM FIO RADIOPACO, ESTERIL, EMBALADO EM MATERIAL QUE PROMOVA BARREIRA MICROBIANA E ABERTURA ASSEPTICA E OBEDECER A LEGISLACAO VIGENTE",12532.56,2020-14.609,61.418.042/0001-31,CIR.FERNANDES COM.MAT.CIR.E HOS.SOCIED.LT,26/09/2020,2020-04-16
Cama hospitalar de recuperação elétrica,1526400.0,2020-14.625,02.563.570/0001-15,MEDI-SAUDE PROD MEDICO HOSP LTDA-ME,06/10/2020,2020-04-16
"MARCAPASSO CARDIACO EXTERNO, ESTIMULACAO TEMPORARIA DE CAMARA UNICA, VVI, VOO , PORTATIL, MICROPROCESSADO, DE DEMANDA (ADULTO/PEDIATRICO), COM FREQUENCIA B ASICA 40 A50 BPM E BRUST 90 A 400 BPM. PROTECAO CONTRA RECURSOS PROVOCADOS PO R DESFIBRILADOR, COM AMPLITUDE 0,1 A 20 MV OU 0,3 A 10 V. SENSIBILIDADE 1 A 1 0 MV. PERIODO REFRATARIO 250MS., RECURSO OVER-DRIVE E ESTIMULACAO CONTINUA DU RANTEA TROCA DE BATERIA, MOSTRADOR(ES) DIGITAL, ACOMPANHA: 3 ELETRODOS TEMPOR ARIOS DE 5 F COM KIT INTRODUTOR, ALIMENTACAO: BATERIA DE 9 V (AUTONOMIA 48 HO RAS DE USO CONTINUO), INCLUI: GARANTIA 12 MESES E TREINAMENTO",577500.0,2020-14.627,03.231.857/0001-00,BIO PACE COMERCIAL MÉDICA LTDA.,04/10/2020,2020-04-16
Eletrocardiógrafo 12 derivações simultâneas,414287.5,2020-14.859,11.405.384/0001-49,ALFA MED SISTEMAS MÉDICOS LTDA.,06/10/2020,2020-04-16
"CONJUNTO PARA PROTEÇÃO E SEGURANÇA, COMPOSTO POR MACACAO COM CAPUZ, INTEIRICO, CONFECCIONADO EM FIBRAS ENTRELACADAS CONTINUO DE POLIETILENO DE ALTA DENSIDADE, ESPESSURA DE 0,5 A 10 MICROMETROS, COM MANGAS COMPRIDAS SEM BOLSOS, ELASTICO NOS PUNHOS E TORNOZELOS, CAPUZ C/ELASTICO EM TORNO DO ROSTO,LEVE, MACIO,RESISTENTE A AGUA, FLEXAO, RASGO, QUIMICO, ARRANHOES, BAIXA E ALTA TEMPERATURA, ESTAVEL E RECICLAVEL, FECHAMENTO NA PARTE FRONTAL COM ZIPER, NO TAMANHO SM, NÃO ESTERIL, CONJUNTO SERA UTILIZADO NA ATIVIDADE COM AGENTES QUIMICOS LIQUIDOS, NA COR BRANCA, OPACO, CONFORME CERTIFICADO DE APROVACAO DO MINISTERIO DO TRABALHO",4329.89,2020-14.919,26.370.747/0001-25,PERFORMANCE SPECIALTY P BRASIL S C P EL PROT SEG LTDA,29/09/2020,2020-04-16
"CONJUNTO PARA PROTEÇÃO E SEGURANÇA, COMPOSTO POR MACACAO COM CAPUZ, INTEIRICO, CONFECCIONADO EM FIBRAS ENTRELACADAS CONTINUO DE POLIETILENO DE ALTA DENSIDADE, ESPESSURA DE 0,5 A 10 MICROMETROS, COM MANGAS COMPRIDAS SEM BOLSOS, ELASTICO NOS PUNHOS E TORNOZELOS, CAPUZ C/ELASTICO EM TORNO DO ROSTO,LEVE, MACIO,RESISTENTE A AGUA, FLEXAO, RASGO, QUIMICO, ARRANHOES, BAIXA E ALTA TEMPERATURA, ESTAVEL E RECICLAVEL, FECHAMENTO NA PARTE FRONTAL COM ZIPER, NO TAMANHO MD, NÃO ESTERIL, CONJUNTO SERA UTILIZADO NA ATIVIDADE COM AGENTES QUIMICOS LIQUIDOS, NA COR BRANCA, OPACO, CONFORME CERTIFICADO DE APROVACAO DO MINISTERIO DO TRABALHO",2886.59,2020-14.919,26.370.747/0001-25,PERFORMANCE SPECIALTY P BRASIL S C P EL PROT SEG LTDA,29/09/2020,2020-04-16
"CONJUNTO PARA PROTEÇÃO E SEGURANÇA, COMPOSTO POR MACACAO COM CAPUZ, INTEIRICO, CONFECCIONADO EM FIBRAS ENTRELACADAS CONTINUO DE POLIETILENO DE ALTA DENSIDADE, ESPESSURA DE 0,5 A 10 MICROMETROS, COM MANGAS COMPRIDAS SEM BOLSOS, ELASTICO NOS PUNHOS E TORNOZELOS, CAPUZ C/ELASTICO EM TORNO DO ROSTO,LEVE, MACIO,RESISTENTE A AGUA, FLEXAO, RASGO, QUIMICO, ARRANHOES, BAIXA E ALTA TEMPERATURA, ESTAVEL E RECICLAVEL, FECHAMENTO NA PARTE FRONTAL COM ZIPER, NO TAMANHO LG, NÃO ESTERIL, CONJUNTO SERA UTILIZADO NA ATIVIDADE COM AGENTES QUIMICOS LIQUIDOS, NA COR BRANCA, OPACO, CONFORME CERTIFICADO DE APROVACAO DO MINISTERIO DO TRABALHO",5773.18,2020-14.919,26.370.747/0001-25,PERFORMANCE SPECIALTY P BRASIL S C P EL PROT SEG LTDA,29/09/2020,2020-04-16
"CONJUNTO PARA PROTEÇÃO E SEGURANÇA, COMPOSTO POR MACACAO COM CAPUZ, INTEIRICO, CONFECCIONADO EM FIBRAS ENTRELACADAS CONTINUO DE POLIETILENO DE ALTA DENSIDADE, ESPESSURA DE 0,5 A 10 MICROMETROS, COM MANGAS COMPRIDAS SEM BOLSOS, ELASTICO NOS PUNHOS E TORNOZELOS, CAPUZ C/ELASTICO EM TORNO DO ROSTO,LEVE, MACIO,RESISTENTE A AGUA, FLEXAO, RASGO, QUIMICO, ARRANHOES, BAIXA E ALTA TEMPERATURA, ESTAVEL E RECICLAVEL, FECHAMENTO NA PARTE FRONTAL COM ZIPER, NO TAMANHO XL, NÃO ESTERIL, CONJUNTO SERA UTILIZADO NA ATIVIDADE COM AGENTES QUIMICOS LIQUIDOS, NA COR BRANCA, OPACO, CONFORME CERTIFICADO DE APROVACAO DO MINISTERIO DO TRABALHO",6494.83,2020-14.919,26.370.747/0001-25,PERFORMANCE SPECIALTY P BRASIL S C P EL PROT SEG LTDA,29/09/2020,2020-04-16
"MASCARA FACIAL, COM ADAPTADOR PARA O VISOR COM ELASTICO, NÃO ESTERIL, ANATOMICO, SEM REBARBAS PROTEÇÃO DE LIQUIDOS E POEIRAS, CONSTITUIDO DE VISOR EM POLICARBONATO, MEDINDO APROXIMADAMENTE 22,2CM X 23,8CM E 0,5MM DE ESPESSURA, TRANSPARENTE, A APRESENTACAO DO PRODUTO DEVERA OBEDECER A LEGISLAÇÃO ATUAL VIGENTE E EMBALADO INDIVIDUALMENTE EM MATERIAL QUE GARANTA A INTEGRIDADE DO PRODUTO",960000.0,2020-14.920,04.626.152/0001-55,HANNOVER PLASTICOS S.A.,27/09/2020,2020-04-16
"UMIDIFICADOR CONDENSADOR, COM FILTRO PARA VENTILACAO MECANICA (TROCADOR DE CALOR E UMIDADE COM FILTRO  BACTERIANO E VIRAL), ESTERIL COM FILTRACAO ELETROSTATICA, DE USO UNICO PARA MANUTENCAO DA UMIDADE E AQUECIMENTO DAS VIAS RESPIRATORIAS DO PACIENTE, UMIDIFICACAO COMPATIVEL COM VOLUME CORRENTE MINIMO DE 300ML, COM ESPACO MORTO COM EFICACIA MINIMA DE 99,99% DE REMOCAO DE BACTERIAS E VIRUS, A APRESENTACAO DO PRODUTO DEVERA OBEDECER A LEGISLACAO VIGENTE",700800.0,2020-15.034,74.400.052/0001-91,COMERCIAL 3 ALBE LTDA,28/09/2020,2020-04-16
"SERVICO DE LOCACAO, CONTAINER REFRIGERADO",256561.26,2020-15.367,14.721.504/0001-05,VENDAP LOCAÇÃO DE EQUIPAMENTOS LTDA.,13/10/2020,2020-04-16
"MASCARA CIRURGICA DESCARTAVEL, CONFECCIONADO EM NAO TECIDO E MELTBLOWN, MALEAVEL E CONFORTAVEL, COM 3 CAMADAS DE PROTECAO, COM CLIP NASAL EMBUTIDO, SEM VALVULA, QUE POSSUI DUAS TIRAS DE ELASTICO PARA FIXAÇAO, USO EM PROTEÇAO RESPIRATÓRIA POR GOTÍCULAS, APRESENTACAO EM EMBALAGEM INDIVIDUAL, NAO ESTERIL E COM FILTRACAO EFICIENTE, ROTULAGEM RESPEITANDO A LEGISLACAO VIGENTE.",16404730.63,2020-15.495,84.451.012/0001-22,ILLEC INTERNATIONAL LIMITED - BRASIL,04/10/2020,2020-04-16
"OCULOS CIRURGICO DE PROTECAO, EM POLICARBONATO EM MATERIAL ACRILICO OU SIMILAR CONFECCIONADA EM POLICARBONATO, LENTES C/ 180º DE VISAO C/ REVESTIMENTO ANTIEMBACANTE COM SAIDAS AR, COM ELASTICOS AJUSTAVEIS, ESPACO PARA USO DE OCULOS, ANTIRESPINGO, EMBALADO EM INDIVIDUAL, A APRESENTACAO DO PRODUTO DEVERA OBEDECER A LEGISLACAO VIGENTE.",1271536.5,2020-15.495,84.451.012/0001-22,ILLEC INTERNATIONAL LIMITED - BRASIL,04/10/2020,2020-04-16
"LUVA PARA PROCEDIMENTO, EM VINIL, ATOXICA E ANTIALERGICA, COM BOA SENSIBILIDADE TATIL, COM TEXTURA UNIFORME,SEM FALHAS E FORMATO ANATOMICO, COM BOA ELASTICIDADE, RESISTENTE, NAO LUBRIFICADA, ISENTA DE TALCO OU QUALQUER OUTRO TIPO DE PO, NO TAMANHO MEDIO, COM PUNHO ACABADO DE 04 A 06 CM COM BAINHA DO MESMO MATERIAL DA LUVA, NAO ESTERIL, EMBALADO EM MATERIAL QUE GARANTA A INTEGRIDADE DO PRODUTO, O PRODUTO DEVERA SER ENTREGUE ACOMPANHADO DO CA,E REGISTRO DO MINISTERIO DA SAUDE E ATENDER A NBR 11193-1",480000.0,2020-15.509,09.260.071/0001-06,CIRURGICA KD LTDA,29/09/2020,2020-04-16
"LUVA PARA PROCEDIMENTO, EM LATEX COM BOA SENSIBILIDADE TATIL, COM TEXTURA UNIFORME,SEM FALHAS E FORMATO ANATOMICO, TALCADA, NO TAMANHO GRANDE, COM PUNHO ACABADO DE 4 A 6 CM E BAINHA DO MESMO MATERIAL DA LUVA, NAO ESTERIL, EMBALADO EM EMBALAGEM PLASTICA INDIVIDUAL CONTENDO UM PAR, O PRODUTO DEVERA SER ENTREGUE ACOMPANHADO DO CA,E REGISTRO DO MINISTERIO DA SAUDE E ATENDER A NBR 11193-1",170000.0,2020-15.509,09.260.071/0001-06,CIRURGICA KD LTDA,29/09/2020,2020-04-16
"LUVA PARA PROCEDIMENTO, EM LATEX NATURAL COM BOA SENSIBILIDADE TATIL, COM TEXTURA UNIFORME,SEM FALHAS E FORMATO ANATOMICO, LUBRIFICADA COM PO ABSORVIVEL E ATOXICO, NO TAMANHO MEDIO, COM PUNHO ACABADO DE 04 A 06 CM, COM BAINHA DO MESMO MATERIAL DA LUVA, NAO ESTERIL, EMBALADO EM MATERIAL QUE GARANTA A INTEGRIDADE DO PRODUTO, O PRODUTO DEVERA SER ENTREGUE ACOMPANHADO DO CA, E E REGUL.TEC.APROVADO PELA RDC Nº05/08 ANVISA,NORMA ABNT NBR 13392 E NR6,PORT.INMETRO/MDIC Nº 233/08",510000.0,2020-15.509,09.260.071/0001-06,CIRURGICA KD LTDA,29/09/2020,2020-04-16
"LUVA PARA PROCEDIMENTO, EM LATEX, DEVENDO PERMITIR ALTA SENSIBILIDADE DE TATO, COM TEXTURA UNIFORME, SEM FALHAS E FUROS OU QUALQUER DEFEITO, ISENTA DE EMENDAS, ANATOMICA, AMBIDESTRA, HIPOALERGENICA, LUBRIFICADAS COM PO ABSORVIVEL ATOXICO, NO TAMANHO PEQUENO, DEVENDO APRESENTAR PERFEITA ADAPTACAO ANATOMICA DA MAO, COM PUNHO ACABADO DE 4 A 6 CM E BAINHA DO MESMO MATERIAL DA LUVA COM AJUSTE PERFEITO, NAO ESTERIL, DESCARTAVEL, EMBALADO EM MATERIAL APROPRIADO QUE GARANTA A INTEGRIDADE DO PRODUTO ATE O USO, O PRODUTO DEVERA SER ENTREGUE ACOMPANHADO DO CA,E REGUL.TEC.APROVADO PELA RDC Nº05/08 ANVISA, NORMASABNT NBR 13392 E NR6, PORT.INMETRO/MDIC Nº 233/08",340000.0,2020-15.509,09.260.071/0001-06,CIRURGICA KD LTDA,29/09/2020,2020-04-16
"KIT PARA BANHO, EM COMPRESSA, C/SOL.HIDRATANTE, S/FRAGANCIA, S/ALCOOL, EMOLIENTE, TENSOATIVO, HIPOALERGENICO, PARA HIGIENE CORP., C/08 COMPRESSAS MIN.18CM E MÁX.DE 27CM QUE NÃO NECESSITE DE ENXAGUE E AQUEC.MICROONDAS, APRESENTACAO DO PRODUTO DEVERA TER DISPOSITIVO PARA ABERTURA E FECHAMENTO E ATENDER A LEGISLAÇÃO VIGENTE",1243500.0,2020-15.543,74.400.052/0001-91,COMERCIAL 3 ALBE LTDA.,03/10/2020,2020-04-16
"HIGIENIZADOR EM ESPUMA, NEUTRO, COMPOSTO DE ALCOOL ETILICO 70%, ALCOOL ISOPROPILICO MENOR QUE 5%, INDICADO PARA AÇÃO BACTERICIDA E ANTISSEPTICA PARA MÃOS, ACONDICIONADO EM EMBALAGEM C/VALVULA ANTI-RETORNO C/DISPENSAÇÃO ENTRE 0,4ML A 0,8ML, PRODUTO SUJEITO A VERIFICACAO NO ATO DA ENTREGA AOS PROCEDIMENTOS ADM. DETERMINADOS PELA ANVISA, VALIDADE MINIMA DE 12 MESES",8820000.0,2020-15.569,08.304.991/0001-08,PS DISTRIBUIDORA DE PRODUTOS DA SAUDE LTD,04/10/2020,2020-04-16
"HIGIENIZADOR EM ESPUMA ANTISSEPTICO DE MAOS, INCOLOR, COMPOSTO DE ALCOOL ETILICO 70%. ALCOOL ISOPROPILICO, AGENTES COMPLEMENTARRES PARA HIDRATACAO DA PELE, ACONDICIONADO EM VALVULA DOSADORA TIPO PUMP, ANTI RETORNO, COM SUPORTE ADAPTAVEL, PARA BE IRA DE LEITO E SUPORTE DE SORO, ACONDICIONADO EM FRASCO PLASTICO, PRODUTO SUJEITO A VERIFICACAO NO ATO DA ENTREGA DE ACORDO COM A LEGISLACAO VIGENTE. AOS PROCEDIMENTOS ADM. DETERMINADOS PELA ANVISA, VALIDADE MINIMA 12 MESES",2748000.0,2020-15.569,08.304.991/0001-08,PS DISTRIBUIDORA DE PRODUTOS DA SAUDE LTD,04/10/2020,2020-04-16
"MASCARA CIRURGICA DESCARTAVEL, EM CONCHA, COMPOSTA DE NÃO TECIDO MOLDADO EM FIBRAS SINTETICAS POR PROCESSO  SEM RESINA, COM CLIP NASAL E SEM VALVULA DE EXALAÇÃO, CAMADA EXTERNA COMPO STA DE NÃO TECIDO QUE PROTEGE O MEIO FILTRANTE, EVITANDO QUE OS FIOS SE SOLTEM, COM 2 BANDAS DE ELASTICO, UMA TIRA DE ESPUMA, BFE NO MINIMO DE 94%, ME IO FILTRANTE COMPOSTO POR MICROFIBRAS TRATADAS ELETROSTATICAMENTE, EMBALAGEM INDIVIDUAL, EM MATERIAL QUE GARANTA A INTEGRIDADE DO PRODUTO,  A APRESENTACAO DO PRODUTO DEVERA OBEDECER A LEGISLAÇÃO VIGENTE",297192.0,2020-15.581,45.985.371/0001-08,3M DO BRASIL LTDA,04/10/2020,2020-04-16
"MASCARA DE PROTECAO DESCARTAVEL, CONFECCIONADO EM FIBRAS SINTETICAS, COM CAMADAS DE MICROFIBRAS TRATADAS ELETROSTATICAMENTE, COM TIRAS ELASTICAS PARA FIXACAO, ESPUMA E CLIPS DE METAL PARA FIXACAO NASAL, QUE NAO PERMITE ENTRADA LATERAL DE AR, USO EM AMBIENTE COM RISCO PARA CONTAMINACAO, APRESENTACAO EM MATERIAL QUE GARANTA A INTEGRIDADE DO PRODUTO, ROTULAGEM RESPEITANDO A LEGISLACAO ATUAL VIGENTE",434388.0,2020-15.581,45.985.371/0001-08,3M DO BRASIL LTDA,04/10/2020,2020-04-16
"RESPIRADOR SEMIFACIAL PECA FACIAL FILTRANTE, CONFECCIONADO EM CAMADAS FILTRANTES DE FIBRAS SINTETICAS; SEM MANUTENCAO, NO TAMANHO REGULAR, NA COR BRANCA, DO TIPO DOBRAVEL, CLASSE PFF2, SEM VALVULA DE EXALACAO, INDICADO PARA PROTECAO DE VIAS RESPIRATORIAS, COM 2 PRESILHAS EM MATERIAL PLASTICO PRETO FIXADAS AS LATERAIS C/2 TIRANTES ELASTICOS ENTRELACADOS, COM 04 ALCAS (02 NA PARTE SUPERIOR E 02 NA PARTE INFERIOR), COM ACABAMENTO SOLDADO; COM 01 TIRA METALICA MOLDAVEL FIXADA NA PARTE SUPERIOR EXTERNA DA PECA, O RESPIRADOR DEVERA ESTAR DE ACORDO COM A NORMA NBR 13698 - ABNT, COM CERTIFICADO DE APROVACAO DO MINISTERIO DO TRABALHO, COM GARANTIA DE 01 ANO CONTRA DEFEITOS DE FABRICACAO",1236468.0,2020-15.581,45.985.371/0001-08,3M DO BRASIL LTDA,04/10/2020,2020-04-16
"MASCARA DE PROTECAO DESCARTAVEL, CONFECCIONADO EM FIBRAS SINTETICAS, SEMIFACIAL SEM VALVULA DE EXALAÇÃO, N95 PFF-2(S), COM MICROFIBRAS TRATADAS ELETROESTATICAMENTE, NÃO TECIDO TRATADO, MOLDADO, COM TIRAS DE ELÁSTICO PARA FIXAÇÃO E CLIPS DE METAL PARA FIXAÇÃO NASAL, QUE PERMITA PROTEÇÃO RESPIRATÓRIA DO USUÁRIO EM AMBIENTE HOSPITALAR, COM PRESENÇA DE AERODISPERSORES, USO EM PROTEÇÃO RESPIRATÓRIA CONTRA AEROSSOIS, APRESENTACAO EM MATERIAL QUE GARANTA A INTEGRIDADE DO PRODUTO, ROTULAGEM RESPEITANDO A EXIGENCIAS DA NR 6 DA PORTARIA 3214/78 E ACOMPANHADO DO CA",1191355.2,2020-15.581,45.985.371/0001-08,3M DO BRASIL LTDA,04/10/2020,2020-04-16
"LUVA DE PROCEDIMENTO NÃO ESTÉRIL, CONFECCIONADA EM LÁTEX 100% NATURAL, AMBIDESTRA, ALTA SENSIBILIDADE, TAMANHO M, TOTALMENTE IMPERMEÁVEL, LUBRIFICADA, PUNHO COM BAINHA, COM BOA ELASTICIDADE, TEXTURA UNIFORME. O PRODUTO DEVERÁ POSSUIR CERTIFICAÇÃO CA CONFORME ESTABELECIDA PELA  NR 6. EMBALADA EM MATERIAL QUE GARANTA A INTEGRIDADE DO PRODUTO.",69800.0,2020-15.857,03.137.410/0001-77,BREMEM COMERCIO E SERVIÇOS LTDA-ME,04/10/2020,2020-04-16
"LUVA DE PROCEDIMENTO NÃO ESTÉRIL, CONFECCIONADA EM LÁTEX 100% NATURAL, AMBIDESTRA, ALTA SENSIBILIDADE, TAMANHO G, TOTALMENTE IMPERMEÁVEL, LUBRIFICADA, PUNHO COM BAINHA, COM BOA ELASTICIDADE, TEXTURA UNIFORME. O PRODUTO DEVERÁ   POSSUIR CERTIFICAÇÃO CA CONFORME ESTABELECIDA PELA  NR 6. EMBALADA EM MATERIAL QUE GARANTA A INTEGRIDADE DO PRODUTO.",872500.0,2020-15.857,03.137.410/0001-77,BREMEM COMERCIO E SERVIÇOS LTDA-ME,04/10/2020,2020-04-16
"LUVA DE PROCEDIMENTO EM 100% BORRACHA NITRILICA, SEM FORRO, COR VARIADA, COM BOA SENSIBILIDADE TATIL, COM TEXTURA UNIFORME, SEM FALHAS E FORMATO ANATOMICO, NAO TALCADA, NO TAMANHO PEQUENO, COM PUNHO ACABADO DE CANO LONGO, NAO ESTERIL, EMBALADO EM MATERIAL QUE GARANTA A INTEGRIDADE DO PRODUTO, O PRODUTO DEVERA SER ENTREGUE ACOMPANHADO DO CA, E ATENDER A LEGISLAÇÃO ATUAL",34900.0,2020-15.857,03.137.410/0001-77,BREMEM COMERCIO E SERVIÇOS LTDA-ME,04/10/2020,2020-04-16
"LUVA DE PROCEDIMENTO EM 100% BORRACHA NITRILICA, SEM FORRO, COR VARIADA, COM BOA SENSIBILIDADE TATIL, COM TEXTURA UNIFORME, SEM FALHAS E FORMATO ANATOMICO, NAO TALCADA, NO TAMANHO MEDIO, COM PUNHO ACABADO DE CANO LONGO, NAO ESTERIL, EMBALADO EM MATERIAL QUE GARANTA A INTEGRIDADE DO PRODUTO, O PRODUTO DEVERA SER ENTREGUE ACOMPANHADO DO CA, E ATENDER A LEGISLAÇÃO ATUAL",34900.0,2020-15.857,03.137.410/0001-77,BREMEM COMERCIO E SERVIÇOS LTDA-ME,04/10/2020,2020-04-16
"LUVA DE PROCEDIMENTO, EM 100% BORRACHA NITRILICA, SEM FORRO, COR VARIADA, COM BOA SENSIBILIDADE TATIL, COM TEXTURA UNIFORME,SEM FALHAS E FORMATO ANATOMICO, NAO TALCADA, NO  TAMANHO GRANDE, COM PUNHO ACABADO DE CANO LONGO, NAO ESTERIL, EMBALADO EM MATERIAL QUE GARANTA A INTEGRIDADE DO PRODUTO, O PRODUTO DEVERA SER ENTREGUE ACOMPANHADO DO CA,E ATENDER A LEGISLAÇÃO ATUAL.",34900.0,2020-15.857,03.137.410/0001-77,BREMEM COMERCIO E SERVIÇOS LTDA-ME,04/10/2020,2020-04-16
"COBERTURA/INVOLUCRO DE OBITO, EM POLIETILENO DE BAIXA DENSIDADE,  IMPERMEAVEL E BIODEGRADAVEL,  FORMATO DE SACO NA COR CINZA OU BRANCO, COM FICHA DE IDENTIFICACAO, E EXTERNAMENTE COM A FRASE ""AGENTES BIOLOGICOS RISCO 3"",  COM""ZIPER""FRONTAL EM TODA SUA EXTENSAO, ACABAMENTO COM SOLDA, ACOMPANHA SACO PARA RESIDUO, TAMANHO PEQUENO, MINIMO DE 50CM DE LAGURA E 100CM DE COMPRIMENTO, ESPESSURA DE 0,12, A APRESENTACAO DO PRODUTO DEVERA OBEDECER A LEGISLACAO ATUAL VIGENTE; EMBALAGEM QUE GARANTA A INTEGRIDADE DO PRODUTO.",8786.4,2020-16.120,03.644.345/0001-76,POLIFILME INDÚSTRIA E COMÉRCIO DE EMBALAGENS LTDA.,10/10/2020,2020-04-16
"COBERTURA/INVOLUCRO DE OBITO, EM POLIETILENO DE BAIXA DENSIDADE, IMPERMEAVEL E BIODEGRADAVEL, FORMATO DE SACO NA COR CINZA OU BRANCO, COM FICHA DE IDENTIFICACAO, E EXTERNAMENTE COM A FRASE ""AGENTES BIOLOGICOS RISCO 3"", COM""ZIPER""FRONTAL EM TODA SUA EXTENSAO,  ACABAMENTO COM SOLDA, ACOMPANHA SACO PARA RESIDUO, TAMANHO GRANDE, MINIMO DE 90CM DE LAGURA E 210CM DE COMPRIMENTO, ESPESSURA DE 0,16, A APRESENTACAO DO PRODUTO DEVERA OBEDECER A LEGISLACAO ATUAL VIGENTE; EMBALAGEM QUE GARANTA A INTEGRIDADE DO PRODUTO",788240.0,2020-16.120,03.644.345/0001-76,POLIFILME INDÚSTRIA E COMÉRCIO DE EMBALAGENS LTDA.,10/10/2020,2020-04-16
"COBERTURA/INVOLUCRO DE OBITO, EM POLIETILENO DE BAIXA DENSIDADE, IMPERMEAVEL E BIODEGRADAVEL, FORMATO DE  SACO NA COR CINZA OU BRANCO, COM FICHA DE IDENTIFICACAO, COM""ZIPER""FRONTAL EM TODA SUA EXTENSAO, ACABAMENTO COM SOLDA, ACOMPANHA SACO PARA RESIDUO, E  EXTERNAMENTE A FRASE, ""AGENTE BIOLOGICO RISCO 3"", TAMANHO MEDIO, MINIMO DE 60 CM DE LAGURA E 150CM DE COMPRIMENTO, ESPESSURA DE 0,15, A APRESENTACAO DO PRODUTO DEVERA OBEDECER A LEGISLACAO ATUAL VIGENTE; EMBALAGEM QUE GARANTA A  INTEGRIDADE DO PRODUTO",11720.0,2020-16.120,03.644.345/0001-76,POLIFILME INDÚSTRIA E COMÉRCIO DE EMBALAGENS LTDA.,10/10/2020,2020-04-16
"COBERTURA/INVOLUCRO DE OBITO, EM POLIETILENO DE BAIXA DENSIDADE, IMPERMEAVEL E BIODEGRADAVEL, FORMATO DE  SACO NA COR CINZA OU BRANCO, COM FICHA DE IDENTIFICACAO, COM""ZIPER""FRONTAL  EM TODA SUA EXTENSAO, ACABAMENTO COM SOLDA, ACOMPANHA SACO PARA RESIDUO, E  EXTERNAMENTE A FRASE ""AGENTE BIOLOGICO RISCO 3"", TAMANHO EXTRA GRANDE, MINIMO DE 90CM DE LAGURA E 220CM DE COMPRIMENTO, ESPESSURA DE 0,16, A APRESENTAÇAO DO PRODUTO DEVERA OBEDECER A LEGISLACAO ATUAL VIGENTE; EMBALAGEM QUE GARANTA A INTEGRIDADE DO PRODUTO",198992.0,2020-16.120,03.644.345/0001-76,POLIFILME INDÚSTRIA E COMÉRCIO DE EMBALAGENS LTDA.,10/10/2020,2020-04-16
"LUVA PARA PROCEDIMENTO, EM LATEX COM BOA SENSIBILIDADE TATIL, COM TEXTURA UNIFORME,SEM FALHAS E FORMATO ANATOMICO, TALCADA, NO TAMANHO GRANDE, COM PUNHO ACABADO DE 4 A 6 CM E BAINHA DO MESMO MATERIAL DA LUVA, NAO ESTERIL, EMBALADO EM EMBALAGEM PLASTICA INDIVIDUAL CONTENDO UM PAR, O PRODUTO DEVERA SER ENTREGUE ACOMPANHADO DO CA,E REGISTRO DO MINISTERIO DA SAUDE E ATENDER A NBR 11193-1",170000.0,2020-16.176,09.260.071/0001-06,CIRURGICA KD LTDA,04/10/2020,2020-04-16
"LUVA PARA PROCEDIMENTO, EM LATEX COM BOA SENSIBILIDADE TATIL, COM TEXTURA UNIFORME, SEM FALHAS E FORMATO ANATOMICO, TALCADA, NO TAMANHO MEDIO, COM PUNHO ACABADO DE 04 A 06 CM,  COM BAINHA DO MESMO MATERIAL DA LUVA, ESTERIL, EMBALADO EM MATERIAL QUE GARANTA A INTEGRIDADE DO PRODUTO, O PRODUTO DEVERA SER ENTREGUE ACOMPANHADO DO CA,E REGISTRO DO MINISTERIO DA SAUDE E ATENDER A NBR 11193-1",1360000.0,2020-16.176,09.260.071/0001-06,CIRURGICA KD LTDA,04/10/2020,2020-04-16
"LUVA PARA PROCEDIMENTO,  EM LATEX COM BOA SENSIBILIDADE TATIL, COM TEXTURA UNIFORME,SEM FALHAS E FORMATO ANATOMICO, TALCADA, NO TAMANHO PEQUENO, COM PUNHO ACABADO DE 04 A 06 CM COM BAINHA DO MESMO MATERIAL DA LUVA, ESTERIL, EMBALADO EM MATERIAL QUE GARANTA A INTEGRIDADE DO PRODUTO, O PRODUTO DEVERA SER ENTREGUE ACOMPANHADO DO CA,E REGISTRO DO MINISTERIO DA SAUDE E ATENDER A NBR 11193-1",204000.0,2020-16.176,09.260.071/0001-06,CIRURGICA KD LTDA,04/10/2020,2020-04-16
"LUVA PARA PROCEDIMENTO, EM VINIL, ATOXICA E ANTIALERGICA, COM BOA SENSIBILIDADE TATIL, COM TEXTURA UNIFORME,SEM FALHAS E FORMATO ANATOMICO, COM BOA ELASTICIDADE, RESISTENTE, NAO LUBRIFICADA, ISENTA DE TALCO OU QUALQUER OUTRO TIPO DE PO, NO TAMANHO MEDIO, COM PUNHO ACABADO DE 04 A 06 CM COM BAINHA DO MESMO MATERIAL DA LUVA, NAO ESTERIL, EMBALADO EM MATERIAL QUE GARANTA A INTEGRIDADE DO PRODUTO, O PRODUTO DEVERA SER ENTREGUE ACOMPANHADO DO CA,E REGISTRO DO MINISTERIO DA SAUDE E ATENDER A NBR 11193-1",57800.0,2020-16.208,34.094.860/0001-53,KT EPI COM. DE PROD. DE PROT. INDIVIDUAL E INDUSTRIAL - ERELI,10/10/2020,2020-04-16
"AVENTAL DESCARTAVEL, EM NAO TECIDO, 100% POLIPROPILENO (TNT), LAMINADO, ABSORVENTE E IMPERMEAVEL , NAO ESTERIL, 50G/M2, ACABAMENTO EM FECHAMENTO NAS COSTAS E CINTURA COM SISTEMA DE AJUSTE E FIXACAO ATRAVES DE DOIS PARES DE AMARRILHOS, MANGA LONGA COM PUNHO EM  MALHA CANELADA NA COLORIDO MEDINDO APROXIMADAMENTE 1,30 X 1,50, DECOTE COM VIÉS, TIRAS COSTURADAS, EM MATERIAL QUE GARANTA A INTEGRIDADE DO PRODUTO, O PRODUTO DEVERA OBEDECER A LEGISLAÇÃO VIGENTE",10880000.0,2020-16.211,04.124.669/0001-46,TECNO 4 PRODUTOS HOSPITALARES LTDA. EPP,05/10/2020,2020-04-16
"OCULOS CIRURGICO DE PROTEÇÃO, EM MATERIAL ACRILICO OU SIMILAR SEM REBARBAS,ATOXICO, COM ADAPTACAO CONFORTAVEL AO ROSTO E PROTETOR LATERAL, EMBALADO EM MATERIAL QUE GARANTA A INTEGRIDADE DO PRODUTO, A APRESENTACAO DO PRODUTO DEVERA OBEDECER A LEGISLACAO ATUAL VIGENTE",113050.0,2020-16.361,07.439.329/0003-64,"DVT COMERCIO,IMPORTAÇÃO E EXPORTAÇÃO LTDA",10/10/2020,2020-04-16
"OCULOS CIRURGICO DE PROTEÇÃO, EM MATERIAL ACRILICO OU SIMILAR LENTE UNICA, TIPO AMPLA VISAO, INCOLOR, EM POLICARBONATO ANTI-EMBACANTE E ARMACAO EM PVC MALEAVEL, COM CONFORTÁVEL AO CONTORNO DO ROSTO C/REGULAGEM DE COMPRIMENTO E VENTILACAO DIRETA SUPERIOR, EMBALADO EM MATERIAL QUE GARANTA A INTEGRIDADE DO PRODUTO, A APRESENTACAO DO PRODUTO DEVERA OBEDECER A LEGISLACAO VIGENTE COM CERTIFICADO DE APROVAÇÃO (CA) VALIDO",64040.0,2020-16.361,07.439.329/0003-64,"DVT COMERCIO,IMPORTAÇÃO E EXPORTAÇÃO LTDA",10/10/2020,2020-04-16
"MASCARA FACIAL, COM ADAPTADOR PARA O VISOR COM ELASTICO, NÃO ESTERIL, ANATOMICO, SEM REBARBAS PROTEÇÃO DE LIQUIDOS E POEIRAS, CONSTITUIDO DE VISOR EM POLICARBONATO, MEDINDO APROXIMADAMENTE 22,2CM X 23,8CM E 0,5MM DE ESPESSURA, TRANSPARENTE, A APRESENTACAO DO PRODUTO DEVERA OBEDECER A LEGISLAÇÃO ATUAL VIGENTE E EMBALADO INDIVIDUALMENTE EM MATERIAL QUE GARANTA A INTEGRIDADE DO PRODUTO",320000.0,2020-16.642,04.626.152/0001-55,HANNOVER PLASTICOS S.A.,10/10/2020,2020-04-16
"COBERTURA DE POLIMERO E OUTRAS ASSOCIACOES MEDINDO 20X50CM, AUTOADERENTE, ATRAUMATICO, RECORTAVEL, FLEXIVEL, COMPOSTO POR CAMADA DE SILICONE SUAVE, CAMADA FINA DE ESPUMA DE POLIURETANO E FILME SEMIPERMEAVEL DE POLIURETANO, ESTERIL, EMBALADO EM MATERIAL QUE PROMOVA BARREIRA MICROBIANA E ABERTURA ASSEPTICA, A APRESENTACAO DO PRODUTO DEVERA OBEDECER A LEGISLAÇÃO VIGENTE",145800.0,2020-16.645,12.600.168/0001-17,MOLNNLYCKE HEALTH CARE VENDA DE PRODUTOS MÉDICOS LTDA.,12/10/2020,2020-04-16
"Máscara de proteção tipo respirador, formato anatômico, adulto descartável, antialérgica, inodora, atóxica, confeccionada em fibras de poliéster, com meio filtrante, camada externa de polipropileno e polietileno, uma camada interna de celulose /poliéster (classe PFF2/ N 95), um par de elásticos para fixação. O produto deverá atender a NBR 13698 e 13697 e aprovação no Ministério do Trabalho. Embalado em material que garanta a integridade do produto.",2872000.0,2020-16.648,45.985.371/0001-08,3M DO BRASIL LTDA,10/10/2020,2020-04-16
"MASCARA DE PROTECAO DESCARTAVEL, CONFECCIONADO EM FIBRAS SINTETICAS, SEMI FACIAL SEM VALVULA DE EXALAÇÃO, 95 PFF-2(S), COM MICROFIBRAS TRATADAS ELETROESTATICAMENTE, NÃO TECIDO TRATADO, MOLDADO, COM TIRAS DE ELÁSTICO PARA FIXAÇÃO E CLIPS DE METAL PARA FIXAÇÃO NASAL, QUE PERMITA PROTEÇÃO RESPIRATÓRIA DO USUÁRIO EM AMBIENTE HOSPITALAR, COM PRESENÇA DE AERODISPERSORES, USO EM PROTEÇÃO RESPIRATÓRIA CONTRA AEROSSOIS, APRESENTACAO EM MATERIAL QUE GARANTA A INTEGRIDADE DO PRODUTO, ROTULAGEM RESPEITANDO A EXIGENCIAS DA NR 6 DA PORTARIA 3214/78 E ACOMPANHADO DO CA",763200.0,2020-16.648,45.985.371/0001-08,3M DO BRASIL LTDA,10/10/2020,2020-04-16
"RESPIRADOR SEMIFACIAL PECA FACIAL FILTRANTE, CONFECCIONADO EM CAMADAS FILTRANTES DE FIBRAS SINTETICAS; SEM MANUTENCAO, NO TAMANHO REGULAR, NA COR BRANCA, DO TIPO DOBRAVEL, CLASSE PFF2, SEM VALVULA DE EXALACAO, INDICADO PARA PROTECAO DE VIAS RESPIRATORIAS, COM 2 PRESILHAS EM MATERIAL PLASTICO PRETO FIXADAS AS LATERAIS C/2 TIRANTES ELASTICOS ENTRELACADOS, COM 04 ALCAS (02 NA PARTE SUPERIOR E 02 NA PARTE INFERIOR), COM ACABAMENTO SOLDADO; COM 01 TIRA METALICA MOLDAVEL FIXADA NA PARTE SUPERIOR EXTERNA DA PECA, O RESPIRADOR DEVERA ESTAR DE ACORDO COM A NORMA NBR 13698 - ABNT, COM CERTIFICADO DE APROVACAO DO MINISTERIO DO TRABALHO, COM GARANTIA DE 01 ANO CONTRA DEFEITOS DE FABRICACAO",494587.2,2020-16.648,45.985.371/0001-08,3M DO BRASIL LTDA,10/10/2020,2020-04-16
"LUVA PARA PROCEDIMENTO, EM LATEX COM BOA SENSIBILIDADE TATIL, COM TEXTURA UNIFORME,SEM FALHAS E FORMATO ANATOMICO, TALCADA, NO TAMANHO GRANDE, COM PUNHO ACABADO DE 4 A 6 CM E BAINHA DO MESMO MATERIAL DA LUVA, NAO ESTERIL, EMBALADO EM EMBALAGEM PLASTICA INDIVIDUAL CONTENDO UM PAR, O PRODUTO DEVERA SER ENTREGUE ACOMPANHADO DO CA,E REGISTRO DO MINISTERIO DA SAUDE E ATENDER A NBR 11193-1",98600.0,2020-17.011,09.260.071/0001-06,CIRURGICA KD LTDA,13/10/2020,2020-04-16
"LUVA PARA PROCEDIMENTO, EM LATEX COM BOA SENSIBILIDADE TATIL, COM TEXTURA UNIFORME, SEM FALHAS E FORMATO ANATOMICO, TALCADA, NO TAMANHO MEDIO, COM PUNHO ACABADO DE 04 A 06 CM,  COM BAINHA DO MESMO MATERIAL DA LUVA, ESTERIL, EMBALADO EM MATERIAL QUE GARANTA A INTEGRIDADE DO PRODUTO, O PRODUTO DEVERA SER ENTREGUE ACOMPANHADO DO CA,E REGISTRO DO MINISTERIO DA SAUDE E ATENDER A NBR 11193-1",680000.0,2020-17.011,09.260.071/0001-06,CIRURGICA KD LTDA,13/10/2020,2020-04-16
"LUVA PARA PROCEDIMENTO,  EM LATEX COM BOA SENSIBILIDADE TATIL, COM TEXTURA UNIFORME,SEM FALHAS E FORMATO ANATOMICO, TALCADA, NO TAMANHO PEQUENO, COM PUNHO ACABADO DE 04 A 06 CM COM BAINHA DO MESMO MATERIAL DA LUVA, ESTERIL, EMBALADO EM MATERIAL QUE GARANTA A INTEGRIDADE DO PRODUTO, O PRODUTO DEVERA SER ENTREGUE ACOMPANHADO DO CA,E REGISTRO DO MINISTERIO DA SAUDE E ATENDER A NBR 11193-1",170000.0,2020-17.011,09.260.071/0001-06,CIRURGICA KD LTDA,13/10/2020,2020-04-16
"LUVA DE PROCEDIMENTO, EM 100% BORRACHA NITRILICA, SEM FORRO, COR VARIADA, COM BOA SENSIBILIDADE TATIL, COM TEXTURA UNIFORME,SEM FALHAS E FORMATO ANATOMICO, NAO TALCADA, NO  TAMANHO GRANDE, COM PUNHO ACABADO DE CANO LONGO, NAO ESTERIL, EMBALADO EM MATERIAL QUE GARANTA A INTEGRIDADE DO PRODUTO, O PRODUTO DEVERA SER ENTREGUE ACOMPANHADO DO CA,E ATENDER A LEGISLAÇÃO ATUAL.",170000.0,2020-17.011,09.260.071/0001-06,CIRURGICA KD LTDA,13/10/2020,2020-04-16
"LUVA DE PROCEDIMENTO EM 100% BORRACHA NITRILICA, SEM FORRO, COR VARIADA, COM BOA SENSIBILIDADE TATIL, COM TEXTURA UNIFORME, SEM FALHAS E FORMATO ANATOMICO, NAO TALCADA, NO TAMANHO MEDIO, COM PUNHO ACABADO DE CANO LONGO, NAO ESTERIL, EMBALADO EM MATERIAL QUE GARANTA A INTEGRIDADE DO PRODUTO, O PRODUTO DEVERA SER ENTREGUE ACOMPANHADO DO CA, E ATENDER A LEGISLAÇÃO ATUAL",340000.0,2020-17.011,09.260.071/0001-06,CIRURGICA KD LTDA,13/10/2020,2020-04-16
"LUVA DE PROCEDIMENTO EM 100% BORRACHA NITRILICA, SEM FORRO, COR VARIADA, COM BOA SENSIBILIDADE TATIL, COM TEXTURA UNIFORME, SEM FALHAS E FORMATO ANATOMICO, NAO TALCADA, NO TAMANHO PEQUENO, COM PUNHO ACABADO DE CANO LONGO, NAO ESTERIL, EMBALADO EM MATERIAL QUE GARANTA A INTEGRIDADE DO PRODUTO, O PRODUTO DEVERA SER ENTREGUE ACOMPANHADO DO CA, E ATENDER A LEGISLAÇÃO ATUAL",340000.0,2020-17.011,09.260.071/0001-06,CIRURGICA KD LTDA,13/10/2020,2020-04-16
"SISTEMA DE ASPIRACAO TRAQUEAL FECHADO, COMPOSTO POR: SONDA DE ASPIRACAO ENDOTRAQUEAL, EM PVC OU SIMILAR, COM PONTA LISA, MEDINDO NO MINIMO 48CM DE COMPRIMENTO E CALIBRE 12 FR COM MARCA DE GRADUACAO EM TODA EXTENSAO DO TUBO, COM C/ORIFICIOS LATERAIS INDICADO P/ PROCEDIMENTOS DE ASPIRACAO DE SECRECOES EM PACIENTES EM VENTILACAO, LUVA EM ACETATO VINILO POLIETILENO OU SIMILAR,POSSIBILITA OMANUSEIO DO TUBO S/ CONTATO C/ SECRECAO, ADAPTADOR COM UNIVERSAL, COM APRESENTA VIA MDI, POSSIBILITA O USO DE AEROSSOL SEM DESCONEXAO DO TUBO, COM POSSUI VALVULA P/ ATIVAÇAO DA ASPIRACAO, VIA DE IRRIGACAO QUE PERMITE INSTILACAO E LAVAGEM DO TUBO, CONECTOR DE VACUO COM TAMPA PROTETORA, ESTERIL, EMBALADO EM EMBALAGEM INDIVIDUAL, A APRESENTACAO DO PRODUTO DEVERA OBEDECER A LEGISLACAO VIGENTE",2239920.0,2020-17.143,61.418.042/0001-31,CIR.FERNANDES COM.MAT.CIR.E HOS.SOCIED.LT,13/10/2020,2020-04-16
"SISTEMA DE ASPIRACAO TRAQUEAL FECHADO, COMPOSTO POR: SONDA DE ASPIRACAO ENDOTRAQUEAL, EM PVC OU SIMILAR, COM PONTA LISA, MEDINDO NO MINIMO 48CM DE COMPRIMENTO E CALIBRE 14 FR COM MARCA DE GRADUACAO EM TODA EXTENSAO DO TUBO, COM C/ORIFICIOS LATERAIS INDICADO P/ PROCEDIMENTOS DE ASPIRACAO DE SECRECOES EM PACIENTES EM VENTILACAO, LUVA EM ACETATO VINILO POLIETILENO OU SIMILAR,POSSIBILITA O MANUSEIO DO TUBO S/ CONTATO C/ SECRECAO, ADAPTADOR COM UNIVERSAL, COM APRESENTA VIA MDI, POSSIBILITA O USO DE AEROSSOL SEM DESCONEXAO DO TUBO, COM POSSUI VALVULA P/ ATIVAÇAO DA ASPIRACAO, VIA DE IRRIGACAO QUE PERMITE INSTILACAO E LAVAGEM DO TUBO, CONECTOR DE VACUO COM TAMPA PROTETORA, ESTERIL, EMBALADO EM EMBALAGEM INDIVIDUAL, A APRESENTACAO DO PRODUTO DEVERA OBEDECER A LEGISLACAO VIGENTE",4479840.0,2020-17.143,61.418.042/0001-31,CIR.FERNANDES COM.MAT.CIR.E HOS.SOCIED.LT,13/10/2020,2020-04-16
"SISTEMA DE ASPIRACAO TRAQUEAL FECHADO, COMPOSTO POR: SONDA DE ASPIRACAO ENDOTRAQUEAL, EM PVC OU SIMILAR, COM PONTA LISA, MEDINDO NO MINIMO 48CM DE COMPRIMENTO E CALIBRE 16 FR COM MARCA DE GRADUACAO EM TODA EXTENSAO DO TUBO, COM C/ORIFICIOS LATERAIS INDICADO P/ PROCEDIMENTOS DE ASPIRACAO DE SECRECOES EM PACIENTES EM VENTILACAO, LUVA EM ACETATO VINILO POLIETILENO OU SIMILAR,POSSIBILITA O MANUSEIO DO TUBO S/ CONTATO C/ SECRECAO, ADAPTADOR COM UNIVERSAL, COM APRESENTA VIA MDI, POSSIBILITA O USO DE AEROSSOL SEM DESCONEXAO DO TUBO, COM POSSUI VALVULA P/ ATIVAÇAO DA ASPIRACAO, VIA DE IRRIGACAO QUE PERMITE INSTILACAO E LAVAGEM DO TUBO, CONECTOR DE VACUO COM TAMPA PROTETORA, ESTERIL, EMBALADO EM EMBALAGEM INDIVIDUAL, A APRESENTACAO DO PRODUTO DEVERA OBEDECER A LEGISLACAO VIGENTE",748133.28,2020-17.143,61.418.042/0001-31,CIR.FERNANDES COM.MAT.CIR.E HOS.SOCIED.LT,13/10/2020,2020-04-16
"HIGIENIZADOR, EM GEL, NEUTRO, COMPOSTO DE ALCOOL ETILICO 70%, CONTENDO HIDRATANTE PARA PELE, INDICADO PARA ACAO BACTERICIDA E ANTISSEPTICO PARA AS MAOS, ACONDICIONADO EM FRASCO PLASTICO, C/ VALVULA TIPO PUMP C/ BICO DOSADOR E C/ DISPOSITIVO ANTI-ENTUPIMENTO E VAZAMENTO, PRODUTO SUJEITO A VERIFICACAO NO ATO DA ENTREGA AOS PROCEDIMENTOS ADM.DETERMINADOS PELA ANVISA",72150.0,2020-17.203,31.543.766/0001-46,QUALIFY COMERCIO DISTRIBUICAO E SERVICOS - EIRELI,13/10/2020,2020-04-16
