orgao,descricao,valor,n_processo,cnpj,fornecedor,vigencia,last_update
INSTITUTO DE ASSISTÊNCIA MÉDICA AO SERVIDOR PÚBLICO ESTADUAL DE SÃO PAULO,AQUISIÇÃO DE PARACETAMOL 750 MG,9590.0,2435/2020,11.034.934/0001-60,NDS DISTRIBUIDORA DE MEDICAMENTOS LTDA,Entrega Imediata,2020-04-28
INSTITUTO DE ASSISTÊNCIA MÉDICA AO SERVIDOR PÚBLICO ESTADUAL DE SÃO PAULO,AQUISIÇÃO DE TESTE PARA INFLUENZA,15984.0,3083/2020,00.647.935.0001-64,MASTER DIAGNOSTICA PROD LABORAT E HOSP.LTDA,Entrega Imediata,2020-04-28
INSTITUTO DE ASSISTÊNCIA MÉDICA AO SERVIDOR PÚBLICO ESTADUAL DE SÃO PAULO,AQUISIÇÃO DE ÓXIDO DE ZINCO,6450.0,3120/2020,04.192.876/0001-38,CRISMED COMERCIAL HOSPITALAR LTDA-EPP,Entrega Imediata,2020-04-28
INSTITUTO DE ASSISTÊNCIA MÉDICA AO SERVIDOR PÚBLICO ESTADUAL DE SÃO PAULO,AQUISIÇÃO DE PARACETAMOL GOTAS,3410.0,3482/2020,02.456.955/0001-83,NATULAB LABORATORIO S.A,Entrega Imediata,2020-04-28
INSTITUTO DE ASSISTÊNCIA MÉDICA AO SERVIDOR PÚBLICO ESTADUAL DE SÃO PAULO,AQUSIÇÃO DE DOPAMINA,1440.0,3221/2020,04.274.988/0001-38,ATIVA COMERCIAL HOSPITALAR LTDA,Entrega Imediata,2020-04-28
INSTITUTO DE ASSISTÊNCIA MÉDICA AO SERVIDOR PÚBLICO ESTADUAL DE SÃO PAULO,AQUSIÇÃO DE CODEINA,12513.2,3650/2020,04.027.894/0007-50,DUPATRI HOSPITALAR COM. IMP. EXP. LTDA,Entrega Imediata,2020-04-28
INSTITUTO DE ASSISTÊNCIA MÉDICA AO SERVIDOR PÚBLICO ESTADUAL DE SÃO PAULO,AQUSIÇÃO DE ÓCULOS DE PROTEÇÃO,13200.0,3689/2020,03.951.140/0001-33,DE PAULI COM.REPRES.IMP.EXP.LTDA.,Entrega Imediata,2020-04-28
INSTITUTO DE ASSISTÊNCIA MÉDICA AO SERVIDOR PÚBLICO ESTADUAL DE SÃO PAULO,EMERGENCIAL ALCOOL GEL,12948.0,3631/2020,03.436.772/0001-69,TRILHA INDUSTRIA E COMÉRCIO LTDA.,Entrega Imediata,2020-04-28
INSTITUTO DE ASSISTÊNCIA MÉDICA AO SERVIDOR PÚBLICO ESTADUAL DE SÃO PAULO,SULFATO DE MAGNESIO 10%,3256.5,3883/2020,94.516.671/0001-53,CIRURGICA SANTA CRUZ COMERCIO DE PRODUTOS HOS,Entrega Imediata,2020-04-28
INSTITUTO DE ASSISTÊNCIA MÉDICA AO SERVIDOR PÚBLICO ESTADUAL DE SÃO PAULO,HIDROCLOROTIAZIDA E DIPIRONA,475.0,3331/2020,07.118.264/0001-93,QUALITY MEDICAL COM E DIST DE MEDICAMENTOS,Entrega Imediata,2020-04-28
INSTITUTO DE ASSISTÊNCIA MÉDICA AO SERVIDOR PÚBLICO ESTADUAL DE SÃO PAULO,ETOMIDATO 2MG,5197.5,3902/2020,04.192.876/0001-38,CRISMED COMERCIAL HOSPITALAR LTDA-EPP,Entrega Imediata,2020-04-28
INSTITUTO DE ASSISTÊNCIA MÉDICA AO SERVIDOR PÚBLICO ESTADUAL DE SÃO PAULO,AQUISIÇÃO DE DEXTROCETAMINA,16950.0,3899/2020,04.192.876/0001-38,CRISMED COMERCIAL HOSPITALAR LTDA-EPP,Entrega Imediata,2020-04-28
INSTITUTO DE ASSISTÊNCIA MÉDICA AO SERVIDOR PÚBLICO ESTADUAL DE SÃO PAULO,AQUISIÇÃO DE TUBO CÔNICO,3400.0,3822/2020,71.957.310/0001-47,GREINER BIO-ONE BRASIL PROD.MED.HOSP.LTDA.,Entrega Imediata,2020-04-28
INSTITUTO DE ASSISTÊNCIA MÉDICA AO SERVIDOR PÚBLICO ESTADUAL DE SÃO PAULO,AQUISIÇÃO DE MÁSCARA DE NÃO REINALAÇÃO,2090.0,3962/2020,48.791.685/0001-68,C.B.S. MEDICO CIENTIFICA S/A,Entrega Imediata,2020-04-28
INSTITUTO DE ASSISTÊNCIA MÉDICA AO SERVIDOR PÚBLICO ESTADUAL DE SÃO PAULO,AQUISIÇÃO  DE PROPÉ,12810.0,4243/2020,52.202.744/0001-92,NACIONAL COMERCIAL HOSPITALAR S.A,Entrega Imediata,2020-04-28
INSTITUTO DE ASSISTÊNCIA MÉDICA AO SERVIDOR PÚBLICO ESTADUAL DE SÃO PAULO,AQUISIÇÃO DE TESTES PCR,207360.0,3649/2020,21.551.379/0021-41,BECTON DICKNSON INDUSTRIAS CIRURGICAS LTDA,Entrega Imediata,2020-04-28
INSTITUTO DE ASSISTÊNCIA MÉDICA AO SERVIDOR PÚBLICO ESTADUAL DE SÃO PAULO,AQUISIÇÃO DE AVENTAL PROTEÇÃO,42000.0,3690/2020,14.515.881/0001-98,LM MONTAJE CONFECCOES EIRELLI,Entrega Imediata,2020-04-28
INSTITUTO DE ASSISTÊNCIA MÉDICA AO SERVIDOR PÚBLICO ESTADUAL DE SÃO PAULO,AQUISIÇÃO TESTES INFLUENZA,50400.0,3789/2020,57.202.418/0001-07,AIMARA COMERCIO E REPRESENTACOES LTDA.,Entrega Imediata,2020-04-28
INSTITUTO DE ASSISTÊNCIA MÉDICA AO SERVIDOR PÚBLICO ESTADUAL DE SÃO PAULO,AQUISIÇÃO MASCARA CIRÚRGICA,210000.0,4042/2020,06.972.729/0001-06,VEDANA COM. DE PRODUTOS E SERV. P/ SAUDE LTDA,Entrega Imediata,2020-04-28
INSTITUTO DE ASSISTÊNCIA MÉDICA AO SERVIDOR PÚBLICO ESTADUAL DE SÃO PAULO,AQUISIÇÃO AVENTAL DESCARTÁVEL,1145000.0,4032/2020,23.669.731/0001-20,NURMED IND. E COM. DE PRODUTOS MEDICOS LTDA,Entrega Imediata,2020-04-28
SECRETARIA DE DESENVOLVIMENTO SOCIAL,"CESTAS BÁSICAS  ALIMENTÍCIAS DESTINADAS A FAMÍLIAS EM SITUAÇÃO DE EXTREMA POBREZA, TENDO EM VISTA O ATENDIMENTO 
DAS METAS ESTABELECIDAS NO PROGRAMA ALIMENTO SOLIDÁRIO",11335545.0,"SEDS-PRC 2020-
00573",04.728.183/0001-17,CVS - COMÉRCIO DE ALIMENTOS E SERVIÇOS DE CARTÕES EIRELI,13/09/2020,2020-04-28
SECRETARIA DE DESENVOLVIMENTO SOCIAL,"CESTAS BÁSICAS  ALIMENTÍCIAS DESTINADAS A FAMÍLIAS EM SITUAÇÃO DE EXTREMA POBREZA, TENDO EM VISTA O ATENDIMENTO 
DAS METAS ESTABELECIDAS NO PROGRAMA ALIMENTO SOLIDÁRIO",4900000.0,"SEDS-PRC 2020-
00573",04.108.518/0001-02,CESTAS BÁSICAS BRASIL COMÉRCIO DE ALIMENTOS EIRELI,13/09/2020,2020-04-28
SECRETARIA DE DESENVOLVIMENTO SOCIAL,"CESTAS BÁSICAS  ALIMENTÍCIAS DESTINADAS A FAMÍLIAS EM SITUAÇÃO DE EXTREMA POBREZA, TENDO EM VISTA O ATENDIMENTO 
DAS METAS ESTABELECIDAS NO PROGRAMA ALIMENTO SOLIDÁRIO",1250000.0,"SEDS-PRC 2020-
00573",07.777.502/0001-72,DEFAL COMÉRCIO ATACADISTA DE BEBIDAS E ALIMENTOS LTDA.,13/09/2020,2020-04-28
SECRETARIA ESTADUAL DA SAÚDE,PRESTAÇÃO DE SERVIÇOS DE TELEMEDICINA,3700000.0,2020-12.031,60.765.823/0001-30,SOCIEDADE BENEFICIENTE ISRAELITA ALB EINSTEN,13/09/2020,2020-04-28
SECRETARIA ESTADUAL DA SAÚDE,"AVENTAL DESCARTAVEL; EM NAO TECIDO, 100% POLIPROPILENO (TNT), LAMINADO, IMPERMEAVEL, NAO ESTERIL, 50G/M2; 
ACABAMENTO EM OVERLOCK, COM BARREIRA DE PROTECAO HIDRORREPELENTE, HIPOALERGICO, TAMANHO 120 X 150 (A X L); 
MANGA LONGA COM PUNHO EM MALHA CANELADA NA COR BRANCA, AVENTAL AZUL CLARO OU VERDE CLARO; DECOTE COM COM 
TIRAS PARA AMARRAR E NA CINTURA, COM ABERTURATRASEIRA; EMBALADO EM MATERIAL QUE GARANTA A INTEGRIDADE DO 
PRODUTO; O PRODUTO DEVERA OBEDECER A LEGISLACAO VIGENTE.;",4992000.0,2020-12.375,02.881.877/0001-64,POLAR FIX IND E COM.PROD.HOSPITALARES LTD,13/09/2020,2020-04-28
SECRETARIA ESTADUAL DA SAÚDE,"HIGIENIZADOR EM ESPUMA, NEUTRO, COMPOSTO DE ALCOOL ETILICO 70%, ALCOOL ISOPROPILICO MENOR QUE 5%, INDICADO 
PARA AÇÃO BACTERICIDA E ANTISSEPTICA PARA MÃOS, ACONDICIONADO EM EMBALAGEM C/VALVULA ANTI-RETORNO 
C/DISPENSAÇÃO ENTRE 0,4ML A 0,8ML, PRODUTO SUJEITO A VERIFICACAO NO ATO DA ENTREGA AOS PROCEDIMENTOS ADM. 
DETERMINADOS PELA ANVISA, VALIDADE MINIMA DE 12 MESES",4368000.0,2020-12.482,08.304.991/0001-08,PS DISTRIBUIDORA DE PRODUTOS DA SAUDE LTD,13/09/2020,2020-04-28
SECRETARIA ESTADUAL DA SAÚDE,"HIGIENIZADOR EM ESPUMA ANTISSEPTICO DE MAOS, INCOLOR, COMPOSTO DE ALCOOL ETILICO 70%. ALCOOL ISOPROPILICO, 
AGENTES COMPLEMENTARRES PARA HIDRATACAO DA PELE, ACONDICIONADO EM VALVULA DOSADORA TIPO PUMP, ANTI 
RETORNO, COM SUPORTE ADAPTAVEL, PARA BE IRA DE LEITO E SUPORTE DE SORO, ACONDICIONADO EM FRASCO PLASTICO, 
PRODUTO SUJEITO A VERIFICACAO NO ATO DA ENTREGA DE ACORDO COM A LEGISLACAO VIGENTE. AOS PROCEDIMENTOS ADM. 
DETERMINADOS PELA ANVISA, VALIDADE MINIMA 12 MESES",560014.0,2020-12.482,08.304.991/0001-08,PS DISTRIBUIDORA DE PRODUTOS DA SAUDE LTD,13/09/2020,2020-04-28
SECRETARIA ESTADUAL DA SAÚDE,"CAMA HOSPITALAR, COM MOVIMENTOS ELETRICOS:FOWLER,TRENDELENBURG, DORSO,PERNAS E ELEVACAO, NAS DIMENSOES (C X L 
X A) DE 190 X 80 X 55 A 80 CM INTERNAS. 215 X 100 CM EXTERNAS. CAPACIDADE 180 KG, 4 RODIZIOS DE 125 MM, SENDO 2 COM 
FREIOS EM DIAGONAL, ESTRUTURA EM CHAPA DE ACO, COM PINTURA EPOXI APOS TRATAMENTO  ANTIFERRUGINOSO. BASE 
REVESTIDA EM MAT.TERMOPL., ESTRADO EM CHAPA DE ACO DE 1,5 MM DE ESPESSURA, ARTICULADO, PERFURADO, C/ 04 SECCOES, 
CABECEIRA EM TUBO DE ACO INOX OU POLIURETANO INJETADO ATE AALTURA DO COLCHAO, PESEIRA EM TUBO DE ACO INOX OU 
POLIURETANO INJETADO ATE AALTURA DO COLCHAO, COM PARA-CHOQUES DE BORRACHA EM TODA VOLTA, COM GRADES 
LATERAIS EM TUBO DE ACO INOX OU 02 PARES EM POLIURETANO INJETADO. SUPORTE DE SORO EM ACO INOX, COM COLCHAO 
DENSIDADE 28 C/12CM DE ESPESSURA, REVESTIDO EM COURVIM.ALIMENTACAO 127 OU 220 V.BATERIA RECARREGAVEL, 
ACOMPANHANDO SUPORTE DE SORO,INOX. CERTIFICACAO ABNT NBR IEC 60",1380000.0,2020-12.508,54.178.983/0001-80,HOSPIMETAL IND METALURGICA EQUI,15/09/2020,2020-04-28
SECRETARIA ESTADUAL DA SAÚDE,"SERVICO DE LOCACAO, CONTAINER REFRIGERADO, TENDO COMO FUNÇÃO A PRESTAÇÃO DE SERVIÇOS DE PRIMEIRO ATENDIMENTO 
AOS PACIENTES COM SUSPEITA DE SEREM PORTADORES DO VÍRUS COVID-19",308200.0,2020-12.879,05.411.043/0001-83,CONSTRUMEX CONSTRUÇÃO LTDA,16/09/2020,2020-04-28
SECRETARIA ESTADUAL DA SAÚDE,"OCULOS CIRURGICO DE PROTEÇÃO, EM MATERIAL ACRILICO OU SIMILAR SEM REBARBAS,ATOXICO, COM ADAPTACAO CONFORTAVEL 
AO ROSTO E PROTETOR LATERAL, EMBALADO EM MATERIAL QUE GARANTA A INTEGRIDADE DO PRODUTO, A APRESENTACAO DO 
PRODUTO DEVERA OBEDECER A LEGISLACAO ATUAL VIGENTE",16957.5,2020-12.919,07.439.329/0003-64,"DVT COMERCIO,IMPORTAÇÃO E EXPORTAÇÃO LTDA",15/09/2020,2020-04-28
SECRETARIA ESTADUAL DA SAÚDE,"OCULOS CIRURGICO DE PROTEÇÃO, EM MATERIAL ACRILICO OU SIMILAR LENTE UNICA, TIPO AMPLA VISAO, INCOLOR, EM 
POLICARBONATO ANTI-EMBACANTE E ARMACAO EM PVC MALEAVEL, COM CONFORTÁVEL AO CONTORNO DO ROSTO 
C/REGULAGEM DE COMPRIMENTO E VENTILACAO DIRETA SUPERIOR, EMBALADO EM MATERIAL QUE GARANTA A INTEGRIDADE DO 
PRODUTO, A APRESENTACAO DO PRODUTO DEVERA OBEDECER A LEGISLACAO VIGENTE COM CERTIFICADO DE APROVAÇÃO (CA) 
VALIDO",24311.07,2020-12.919,07.439.329/0003-64,"DVT COMERCIO,IMPORTAÇÃO E EXPORTAÇÃO LTDA",15/09/2020,2020-04-28
SECRETARIA ESTADUAL DA SAÚDE,"AVENTAL DESCARTAVEL, EM NAO TECIDO, 100% POLIPROPILENO (TNT), LAMINADO, ABSORVENTE E IMPERMEAVEL , NAO ESTERIL, 
50G/M2, ACABAMENTO EM FECHAMENTO NAS COSTAS E CINTURA COM SISTEMA DE AJUSTE E FIXACAO ATRAVES DE DOIS PARES DE 
AMARRILHOS, MANGA LONGA COM PUNHO EM  MALHA CANELADA NA COLORIDO MEDINDO APROXIMADAMENTE 1,30 X 1,50, 
DECOTE COM VIÉS, TIRAS COSTURADAS, EM MATERIAL QUE GARANTA A INTEGRIDADE DO PRODUTO, O PRODUTO DEVERA 
OBEDECER A LEGISLAÇÃO VIGENTE",4750000.0,2020-12.922,27.608.037/0001-53,DEJAMARO IND E COM DE PROD MED HOSP LTDA,14/09/2020,2020-04-28
SECRETARIA ESTADUAL DA SAÚDE,"AVENTAL DESCARTAVEL, EM NAO TECIDO (100% POLIPROPILENO), GRAMATURA 30 A 40G/M², NAO ESTERIL, PARA USO CLINICO E 
LABORATORIAL, ACABAMENTO EM OVERLOCK, COM PAR DE FITILHOS PARA AMARRAR NAS COSTAS E NO PESCOÇO, MANGA LONGA, 
COM LATEX NO PUNHO, SEM DECOTE, MEDINDO APROXIMADAMENTE 1,20 X 1,40CM, EMBALADO EM MATERIAL QUE GARANTA A 
INTEGRIDADE DO PRODUTO, O PRODUTO DEVERA OBEDECER A LEGISLACAO ATUAL VIGENTE.",3300000.0,2020-12.922,27.608.037/0001-53,DEJAMARO IND E COM DE PROD MED HOSP LTDA,14/09/2020,2020-04-28
SECRETARIA ESTADUAL DA SAÚDE,"LENÇOL DESCARTAVEL, EM NÃO TECIDO, MEDINDO 200CM DE COMPRIMENTO X 90CM DE LARGURA, COM LATEX, EMBALADO 
INDIVIDUAL EM PLASTICO ATOXICO, A APRESENTACAO DO PRODUTO DEVERA OBEDECER A LEGISLACAO ATUAL VIGENTE.",950000.0,2020-12.922,27.608.037/0001-53,DEJAMARO IND E COM DE PROD MED HOSP LTDA,14/09/2020,2020-04-28
SECRETARIA ESTADUAL DA SAÚDE,"MASCARA CIRURGICA DESCARTAVEL, EM NAO TECIDO,SENDO A CAMADA EXTERNA EM 100% POLIPROPILENO, INTERNA EM 
POLIPROPILENO E POLIETILENO, COM CLIP NASAL E PREGAS HORIZONTAIS,DE FACIL ADAPTACAO,COM TIRAS DENO MINIMO 20 CM 
DE COMPRIMENTO, COM 03 CAMADAS, SENDO A EXTERNA C/ 20G/M², A INTERNAC/30G/M² E  A INTERMEDIARIA C/ 20G/M², 
HIPOALERGICAS, SENDO A INTERMEDIARIA C/FILTRO QUE PROTECAO ADEQUADA, C/SISTEMA DE SELAGEM ELETRONICA, 
EMBALAGEM MATERIAL QUE GARANTA A INTEGRIDADE DO PRODUTO, A APRESENTACAO DO PRODUTO DEVERA OBEDECER A 
LEGISLACAO ATUAL VIGENTE.",1460000.0,2020-12.922,27.608.037/0001-53,DEJAMARO IND E COM DE PROD MED HOSP LTDA,14/09/2020,2020-04-28
SECRETARIA ESTADUAL DA SAÚDE,"MASCARA DE PROTEÇÃO DESCARTAVEL, CONFECCIONADO EM 100% POLIPROPILENO, MEDINDO APROXIMADAMENTE 0,80 X 0,20 M 
COM TRIPLA CAMADA (DUAS CAMADAS EXTERNAS E UMA CAMADA INTERNA C/ FILTRO BACTERIANO COM GRAMATURA DE 30), 
COM ELÁSTICO REVESTIDO EM TODA A SUA EXTENSAO FACILITANDO ASSIM SUA COLOCAÇÃO, QUE PROPORCIONA CONFORTO AO 
VESTIR, USO EM INDIVIDUAL, APRESENTACAO EM NÃO ESTERIL, ROTULAGEM RESPEITANDO A CONFORME LEGISLAÇÃO ATUAL.",1460000.0,2020-12.922,27.608.037/0001-53,DEJAMARO IND E COM DE PROD MED HOSP LTDA,14/09/2020,2020-04-28
SECRETARIA ESTADUAL DA SAÚDE,"MACACÃO DESCARTAVEL, 100% POLIPROPILENO/SMS PARA PROTECAO INDIVIDUAL, GRAMATURA DE 40 GRAMAS E FECHAMENTO 
NA FRENTE COM ZIPER, TAMANHO MÉDIO, USO INDIVIDUAL E NÃO ESTERIL",72000.0,2020-12.922,27.608.037/0001-53,DEJAMARO IND E COM DE PROD MED HOSP LTDA,14/09/2020,2020-04-28
SECRETARIA ESTADUAL DA SAÚDE,"MACACÃO DESCARTAVEL, 100% POLIPROPILENO/SMS PARA PROTECAO INDIVIDUAL, GRAMATURA DE 40 GRAMAS E FECHAMENTO 
NA FRENTE COM ZIPER, TAMANHO GRANDE, USO INDIVIDUAL E NÃO ESTERIL",96000.0,2020-12.922,27.608.037/0001-53,DEJAMARO IND E COM DE PROD MED HOSP LTDA,14/09/2020,2020-04-28
SECRETARIA ESTADUAL DA SAÚDE,"MACACÃO DESCARTAVEL, 100% POLIPROPILENO/SMS PARA PROTECAO INDIVIDUAL, GRAMATURA DE 40 GRAMAS E FECHAMENTO 
NA FRENTE COM ZIPER, TAMANHO EXTRA GRANDE, USO INDIVIDUAL E NÃO ESTERIL",72000.0,2020-12.922,27.608.037/0001-53,DEJAMARO IND E COM DE PROD MED HOSP LTDA,14/09/2020,2020-04-28
SECRETARIA ESTADUAL DA SAÚDE,"TERMOMETRO CLINICO  DIGITAL SEM CONTATO PARA MEDICAO DE TEMPERATURA CORPOREA E DE OBJETOS A DISTANCIA, EM 
MATERIAL BIOCOMPATIVEL C/ SENSOR INFRAVERMELHO, LEITURA POR BATERIA, TEMPO TESTE APROX 1 SEGUNDO, GRADUADA EM 
GRAUS CELSIUS OU FAHRENHEIT, LEITURA APROXIMADAMENTE 20 A 42ºC OU 68,4 A 108°F DESLIGUE AUTOMATICO, EMBALAGEM 
INDIVIDUAL, EM MATERIAL QUE GARANTA A INTEGRIDADE DO PRODUTO, ROTULAGEM DE ACORDO COM LEGISLACAO VIGENTE DE 
ACORDO COMA VIGENTE ACOMPANHADO DE CERTIFICADO DE CALIBRAÇÃO.",11500.0,2020-13.108,06.105.362/0001-23,ACCUMED PRODUTOS MEDICOS HOSPITALARES,15/09/2020,2020-04-28
SECRETARIA ESTADUAL DA SAÚDE,"MÁSCARA DE PROTEÇÃO TIPO RESPIRADOR, FORMATO ANATÔMICO, ADULTO DESCARTÁVEL, ANTIALÉRGICA, INODORA, ATÓXICA, 
CONFECCIONADA EM FIBRAS DE POLIÉSTER, COM MEIO FILTRANTE,CAMADA EXTERNA DE POLIPROPILENO E POLIETILENO, UMA 
CAMADA INTERNA DE CELULOSE /POLIÉSTER (CLASSE PFF2/ N 95), UM PAR DE ELÁSTICOS PARA FIXAÇÃO. O PRODUTO DEVERÁ 
ATENDER A NBR 13698 E 13697 E APROVAÇÃO NO MINISTÉRIO DO TRABALHO. EMBALADO EM MATERIAL QUE GARANTA A 
INTEGRIDADE DO PRODUTO.",430800.0,2020-13.265,45.985.371/0001-08,3M DO BRASIL LTDA,19/09/2020,2020-04-28
SECRETARIA ESTADUAL DA SAÚDE,"HIGIENIZADOR EM ESPUMA, NEUTRO, COMPOSTO DE ALCOOL ETILICO 70%, ALCOOL ISOPROPILICO MENOR QUE 5%, INDICADO 
PARA AÇÃO BACTERICIDA E ANTISSEPTICA PARA MÃOS, ACONDICIONADO EM EMBALAGEM C/VALVULA ANTI-RETORNO 
C/DISPENSAÇÃO ENTRE 0,4ML A 0,8ML, PRODUTO SUJEITO A VERIFICACAO NO ATO DA ENTREGA AOS PROCEDIMENTOS ADM. 
DETERMINADOS PELA ANVISA, VALIDADE MINIMA DE 12 MESES",4368000.0,2020-13.317,08.304.991/0001-08,PS DISTRIBUIDORA DE PRODUTOS DA SAUDE LTD,19/09/2020,2020-04-28
SECRETARIA ESTADUAL DA SAÚDE,"HIGIENIZADOR EM ESPUMA ANTISSEPTICO DE MAOS, INCOLOR, COMPOSTO DE ALCOOL ETILICO 70%. ALCOOL ISOPROPILICO, 
AGENTES COMPLEMENTARRES PARA HIDRATACAO DA PELE, ACONDICIONADO EM VALVULA DOSADORA TIPO PUMP, ANTI 
RETORNO, COM SUPORTE ADAPTAVEL, PARA BE IRA DE LEITO E SUPORTE DE SORO, ACONDICIONADO EM FRASCO PLASTICO, 
PRODUTO SUJEITO A VERIFICACAO NO ATO DA ENTREGA DE ACORDO COM A LEGISLACAO VIGENTE. AOS PROCEDIMENTOS ADM. 
DETERMINADOS PELA ANVISA, VALIDADE MINIMA 12 MESES",728000.0,2020-13.317,08.304.991/0001-08,PS DISTRIBUIDORA DE PRODUTOS DA SAUDE LTD,19/09/2020,2020-04-28
SECRETARIA ESTADUAL DA SAÚDE,"LUVA PARA PROCEDIMENTO, EM VINIL, ATOXICA E ANTIALERGICA, COM BOA SENSIBILIDADE TATIL, COM TEXTURA UNIFORME,SEM 
FALHAS E FORMATO ANATOMICO, COM BOA ELASTICIDADE, RESISTENTE, NAO LUBRIFICADA, ISENTA DE TALCO OU QUALQUER 
OUTRO TIPO DE PO, NO TAMANHO GRANDE, COM PUNHO ACABADO DE 04 A 06 CM COM BAINHA DO MESMO MATERIAL DA LUVA, 
NAO ESTERIL, EMBALADO EM MATERIAL QUE GARANTA A INTEGRIDADE DO PRODUTO, O PRODUTO DEVERA SER ENTREGUE 
ACOMPANHADO DO CA,E REGISTRO DO MINISTERIO DA SAUDE E ATENDER A NBR 11193-1",480000.0,2020-14.225,09.260.071/0001-06,CIRURGICA KD LTDA,21/09/2020,2020-04-28
SECRETARIA ESTADUAL DA SAÚDE,"LUVA DE PROCEDIMENTO EM 100% BORRACHA NITRILICA, SEM FORRO, COR VARIADA, COM BOA SENSIBILIDADE TATIL, COM 
TEXTURA UNIFORME, SEM FALHAS E FORMATO ANATOMICO, NAO TALCADA, NO TAMANHO MEDIO, COM PUNHO ACABADO DE 
CANO LONGO, NAO ESTERIL, EMBALADO EM MATERIAL QUE GARANTA A INTEGRIDADE DO PRODUTO, O PRODUTO DEVERA SER 
ENTREGUE ACOMPANHADO DO CA, E ATENDER A LEGISLAÇÃO ATUAL",525000.0,2020-14.225,09.260.071/0001-06,CIRURGICA KD LTDA,21/09/2020,2020-04-28
SECRETARIA ESTADUAL DA SAÚDE,"LUVA DE PROCEDIMENTO EM 100% BORRACHA NITRILICA, SEM FORRO, COR VARIADA, COM BOA SENSIBILIDADE TATIL, COM 
TEXTURA UNIFORME, SEM FALHAS E FORMATO ANATOMICO, NAO TALCADA, NO TAMANHO PEQUENO, COM PUNHO ACABADO DE 
CANO LONGO, NAO ESTERIL, EMBALADO EM MATERIAL QUE GARANTA A INTEGRIDADE DO PRODUTO, O PRODUTO DEVERA SER 
ENTREGUE ACOMPANHADO DO CA, E ATENDER A LEGISLAÇÃO ATUAL",525000.0,2020-14.225,09.260.071/0001-06,CIRURGICA KD LTDA,21/09/2020,2020-04-28
SECRETARIA ESTADUAL DA SAÚDE,"SERVICO DE MANUTENCAO EM EQUIPAMENTO DE USO CLINICO GERAL - VENTILADOR  PULMONAR,  MONITORES  E  
DESFIBRILADORES  PARA  ATENDER  O  ENFRENTAMENTO  DA EMERGÊNCIA  DE  SAÚDE  PÚBLICA DE  IMPORTÂNCIA  
INTERNACIONAL  EM ATENDIMENTO A PORTARIA Nº  356,  DE  11  DE  MARÇO  DE  2020,  EM  DECORRÊNCIA  DA  INFECÇÃO  
HUMANA  PELO  NOVO CORONAVÍRUS (COVID-19)",6224308.62,2020-14.267,08.441.389/0001-12,COMPREHENSE DO BRASIL EQUIPAMENTOS MEDICO-HOSPITALARES,30/09/2020,2020-04-28
SECRETARIA ESTADUAL DA SAÚDE,"MÁSCARA DE PROTEÇÃO TIPO RESPIRADOR, FORMATO ANATÔMICO, ADULTO DESCARTÁVEL, ANTIALÉRGICA, INODORA, ATÓXICA, 
CONFECCIONADA EM FIBRAS DE POLIÉSTER, COM MEIO FILTRANTE,CAMADA EXTERNA DE POLIPROPILENO E POLIETILENO, UMA 
CAMADA INTERNA DE CELULOSE /POLIÉSTER (CLASSE PFF2/ N 95), UM PAR DE ELÁSTICOS PARA FIXAÇÃO. O PRODUTO DEVERÁ 
ATENDER A NBR 13698 E 13697 E APROVAÇÃO NO MINISTÉRIO DO TRABALHO. EMBALADO EM MATERIAL QUE GARANTA A 
INTEGRIDADE DO PRODUTO.",26810789.04,2020-14.303,84.451.012/0001-22,ILLEC INTERNATIONAL LIMITED - BRASIL,23/09/2020,2020-04-28
SECRETARIA ESTADUAL DA SAÚDE,"MASCARA CIRURGICA DESCARTAVEL, EM NAO TECIDO,SENDO A CAMADA EXTERNA EM 100% POLIPROPILENO, INTERNA EM 
POLIPROPILENO E POLIETILENO, COM CLIP NASAL E PREGAS HORIZONTAIS,DE FACIL ADAPTACAO,COM TIRAS DENO MINIMO 20 CM 
DE COMPRIMENTO, COM 03 CAMADAS, SENDO A EXTERNA C/ 20G/M², A INTERNAC/30G/M² E  A INTERMEDIARIA C/ 20G/M², 
HIPOALERGICAS, SENDO A INTERMEDIARIA C/FILTRO QUE PROTECAO ADEQUADA, C/SISTEMA DE SELAGEM ELETRONICA, 
EMBALAGEM MATERIAL QUE GARANTA A INTEGRIDADE DO PRODUTO, A APRESENTACAO DO PRODUTO DEVERA OBEDECER A 
LEGISLACAO ATUAL VIGENTE.",40429500.0,2020-14.303,84.451.012/0001-22,ILLEC INTERNATIONAL LIMITED - BRASIL,23/09/2020,2020-04-28
SECRETARIA ESTADUAL DA SAÚDE,"SABONETE, EM ESPUMA, COMPOSTO DE ALCOOL ISOPROPILICO, LAURILSULF.DE SODIO, DIMETICONA, COCOATO DE GLICERINA, 
COAMIDOPROPIL BETAINA, COCOAMFODIACETATO DISSODICO, SOLVENTE, UMECTANTE, SURFACTANTE, PARA HIGIENE DAS MAOS, 
FRASCO REFIL RIGIDO,DISPENSACAO DE 0.4ML POR PROCEDIMENTO, COM SISTEMA DOSADOR E VALVULA DESCARTAVEL, PRODUTO 
SUJEITO A VERIFICACO NO ATO DA ENTREGA, AOS PROCEDIMENTOS ADMINISTRATIVOS DETERMINADOS PELA ANVISA",165000.0,2020-14.348,04.124.669/0001-46,TECNO 4 PRODUTOS HOSPITALARES LTDA. EPP,26/09/2020,2020-04-28
SECRETARIA ESTADUAL DA SAÚDE,"MONITOR DE PARAMETROS FISIOLOGICOS, PARA SPO2, PORTATIL, MICROPROCESSADO, CONTROLE POR BOTAO ROTATIVO OU 
TECLADO, TELA DE LCD, APRESENTACAO DE CURVA PLESTIMOGRAFICA E VALOR, APRESENTANDO OXIMETRIA ESCALA DE 30 A 100 %, 
ALARMES PARA ALTA E BAIXA SATURACAO DE OXIGENIO, AUDIOVISUAIS AJUSTAVEIS, PROTECAO CONFORME NORMA NBR IEC 60601 
-1, ALIMENTACAO 110 A 220 V / 60 HZ,BATERIA INTERNA RECARREGAVEL INCORPORADA COM AUTONOMIA DE 1,5 HORAS, 
ACOMPANHA: SENSORES REUTILIZAVEIS: 2 ADULTO TIPO CLIP DE DEDO, 1 PEDIATRICO E 1 NEONATAL, INCLUI: INSTALACAO, 
GARANTIA 12 MESES, TREINAMENTO E ASSISTENCIA TECNICA",690000.0,2020-14.489,11.405.384/0001-49,ALFA MED SISTEMAS MÉDICOS LTDA.,04/10/2020,2020-04-28
SECRETARIA ESTADUAL DA SAÚDE,"MASCARA FACIAL, COM ADAPTADOR PARA O VISOR COM ELASTICO, NÃO ESTERIL, ANATOMICO, SEM REBARBAS PROTEÇÃO DE 
LIQUIDOS E POEIRAS, CONSTITUIDO DE VISOR EM POLICARBONATO, MEDINDO APROXIMADAMENTE 22,2CM X 23,8CM E 0,5MM DE 
ESPESSURA, TRANSPARENTE, A APRESENTACAO DO PRODUTO DEVERA OBEDECER A LEGISLAÇÃO ATUAL VIGENTE E EMBALADO 
INDIVIDUALMENTE EM MATERIAL QUE GARANTA A INTEGRIDADE DO PRODUTO",320000.0,2020-14.498,04.626.152/0001-55,HANNOVER PLASTICOS S.A.,23/09/2020,2020-04-28
SECRETARIA ESTADUAL DA SAÚDE,"SISTEMA DE ASPIRACAO TRAQUEAL FECHADO, COMPOSTO POR: SONDA DE ASPIRACAO ENDOTRAQUEAL, EM PVC OU SIMILAR, COM 
PONTA LISA, MEDINDO NO MINIMO 48CM DE COMPRIMENTO E CALIBRE 10 FR COM MARCA DE GRADUACAO EM TODA EXTENSAO 
DO TUBO, COM C/ORIFICIOS LATERAIS INDICADO P/ PROCEDIMENTOS DE ASPIRACAO DE SECRECOES EM PACIENTES EM 
VENTILACAO, LUVA EM ACETATO VINILO POLIETILENO OU SIMILAR,POSSIBILITA OMANUSEIO DO TUBO S/ CONTATO C/SECRECAO, 
ADAPTADOR COM UNIVERSAL, COM APRESENTA VIA MDI, POSSIBILITA O USO DE AEROSSOL SEM DESCONEXAO DO TUBO, COM 
POSSUI VALVULA P/ ATIVAÇAO DA ASPIRACAO, VIA DE IRRIGACAO QUE PERMITE INSTILACAO E LAVAGEM DO TUBO, CONECTOR DE 
VACUO COM TAMPA PROTETORA, ESTERIL, EMBALADO EM EMBALAGEM INDIVIDUAL, A APRESENTACAO DO PRODUTO DEVERA 
OBEDECER A LEGISLACAO VIGENTE",29118.96,2020-14.506,61.418.042/0001-31,CIR.FERNANDES COM.MAT.CIR.E HOS.SOCIED.LT,26/09/2020,2020-04-28
SECRETARIA ESTADUAL DA SAÚDE,"SISTEMA DE ASPIRACAO TRAQUEAL FECHADO, COMPOSTO POR: SONDA DE ASPIRACAO ENDOTRAQUEAL, EM PVC OU SIMILAR, COM 
PONTA LISA, MEDINDO NO MINIMO 48CM DE COMPRIMENTO E CALIBRE 14 FR COM MARCA DE GRADUACAO EM TODA EXTENSAO 
DO TUBO, COM C/ORIFICIOS LATERAIS INDICADO P/ PROCEDIMENTOS DE ASPIRACAO DE SECRECOES EM PACIENTES EM 
VENTILACAO, LUVA EM ACETATO VINILO POLIETILENO OU SIMILAR,POSSIBILITA O MANUSEIO DO TUBO S/ CONTATO C/ SECRECAO, 
ADAPTADOR COM UNIVERSAL, COM APRESENTA VIA MDI, POSSIBILITA O USO DE AEROSSOL SEM DESCONEXAO DO TUBO, COM 
POSSUI VALVULA P/ ATIVAÇAO DA ASPIRACAO, VIA DE IRRIGACAO QUE PERMITE INSTILACAO E LAVAGEM DO TUBO, CONECTOR DE 
VACUO COM TAMPA PROTETORA, ESTERIL, EMBALADO EM EMBALAGEM INDIVIDUAL, A APRESENTACAO DO PRODUTO DEVERA 
OBEDECER A LEGISLACAO VIGENTE",851169.6,2020-14.506,61.418.042/0001-31,CIR.FERNANDES COM.MAT.CIR.E HOS.SOCIED.LT,26/09/2020,2020-04-28
SECRETARIA ESTADUAL DA SAÚDE,"SISTEMA DE ASPIRACAO TRAQUEAL FECHADO, COMPOSTO POR: SONDA DE ASPIRACAO ENDOTRAQUEAL, EM PVC OU SIMILAR, COM 
PONTA LISA, MEDINDO NO MINIMO 48CM DE COMPRIMENTO E CALIBRE 16 FR COM MARCA DE GRADUACAO EM TODA EXTENSAO 
DO TUBO, COM C/ORIFICIOS LATERAIS INDICADO P/ PROCEDIMENTOS DE ASPIRACAO DE SECRECOES EM PACIENTES EM 
VENTILACAO, LUVA EM ACETATO VINILO POLIETILENO OU SIMILAR,POSSIBILITA O MANUSEIO DO TUBO S/ CONTATO C/ SECRECAO, 
ADAPTADOR COM UNIVERSAL, COM APRESENTA VIA MDI, POSSIBILITA O USO DE AEROSSOL SEM DESCONEXAO DO TUBO, COM 
POSSUI VALVULA P/ ATIVAÇAO DA ASPIRACAO, VIA DE IRRIGACAO QUE PERMITE INSTILACAO E LAVAGEM DO TUBO, CONECTOR DE 
VACUO COM TAMPA PROTETORA, ESTERIL, EMBALADO EM EMBALAGEM INDIVIDUAL, A APRESENTACAO DO PRODUTO DEVERA 
OBEDECER A LEGISLACAO VIGENTE",126928.8,2020-14.506,61.418.042/0001-31,CIR.FERNANDES COM.MAT.CIR.E HOS.SOCIED.LT,26/09/2020,2020-04-28
SECRETARIA ESTADUAL DA SAÚDE,"SISTEMA DE ASPIRACAO TRAQUEAL FECHADO, COMPOSTO POR: SONDA DE ASPIRACAO ENDOTRAQUEAL, EM PVC OU SIMILAR, COM 
PONTA LISA, MEDINDO NO MINIMO 48CM DE COMPRIMENTO E CALIBRE 12 FR COM MARCA DE GRADUACAO EM TODA EXTENSAO 
DO TUBO, COM C/ORIFICIOS LATERAIS INDICADO P/ PROCEDIMENTOS DE ASPIRACAO DE SECRECOES EM PACIENTES EM 
VENTILACAO, LUVA EM ACETATO VINILO POLIETILENO OU SIMILAR,POSSIBILITA OMANUSEIO DO TUBO S/ CONTATO C/ SECRECAO, 
ADAPTADOR COM UNIVERSAL, COM APRESENTA VIA MDI, POSSIBILITA O USO DE AEROSSOL SEM DESCONEXAO DO TUBO, COM 
POSSUI VALVULA P/ ATIVAÇAO DA ASPIRACAO, VIA DE IRRIGACAO QUE PERMITE INSTILACAO E LAVAGEM DO TUBO, CONECTOR DE 
VACUO COM TAMPA PROTETORA, ESTERIL, EMBALADO EM EMBALAGEM INDIVIDUAL, A APRESENTACAO DO PRODUTO DEVERA 
OBEDECER A LEGISLACAO VIGENTE",418118.4,2020-14.506,61.418.042/0001-31,CIR.FERNANDES COM.MAT.CIR.E HOS.SOCIED.LT,26/09/2020,2020-04-28
SECRETARIA ESTADUAL DA SAÚDE,"SISTEMA DE ASPIRACAO TRAQUEAL FECHADO, COMPOSTO POR: SONDA DE ASPIRACAO ENDOTRAQUEAL, EM PVC OU SIMILAR, COM 
PONTA LISA, MEDINDO NO MINIMO 29CM DE COMPRIMENTO E CALIBRE 8 FR COM MARCA DE GRADUACAO EM TODA EXTENSAO 
DO TUBO, COM C/ORIFICIOS LATERAIS INDICADO P/ PROCEDIMENTOS DE ASPIRACAO DE SECRECOES EM PACIENTES EM 
VENTILACAO, LUVA EM ACETATO VINILO POLIETILENO OU SIMILAR, POSSIBILITA O MANUSEIO DO TUBO S/ CONTATO C/ SECRECAO, 
ADAPTADOR COM UNIVERSAL, COM APRESENTA VIA MDI, POSSIBILITA O USO DE AEROSSOL SEM DESCONEXAO DO TUBO, COM 
POSSUI VALVULA P/ ATIVAÇAO DA ASPIRACAO, VIA DE IRRIGACAO QUE PERMITE INSTILACAO E LAVAGEM DO TUBO, CONECTOR DE 
VACUO COM TAMPA PROTETORA, ESTERIL, EMBALADO EM EMBALAGEM INDIVIDUAL, A APRESENTACAO DO PRODUTO DEVERA 
OBEDECER A LEGISLACAO VIGENTE",193662.0,2020-14.506,61.418.042/0001-31,CIR.FERNANDES COM.MAT.CIR.E HOS.SOCIED.LT,26/09/2020,2020-04-28
SECRETARIA ESTADUAL DA SAÚDE,"SISTEMA DE ASPIRACAO TRAQUEAL FECHADO, COMPOSTO POR: SONDA DE ASPIRACAO ENDOTRAQUEAL, EM PVC OU SIMILAR, COM 
PONTA LISA, MEDINDO NO MINIMO 29 CM DE COMPRIMENTO E CALIBRE 6 FR COM MARCA DE GRADUACAO EM TODA EXTENSAO 
DO TUBO, COM C/ORIFICIOS LATERAIS INDICADO P/ PROCEDIMENTOS DE ASPIRACAO DE SECRECOES EM PACIENTES EM 
VENTILACAO, LUVA EM ACETATO VINILO POLIETILENO OU SIMILAR,POSSIBILITA O MANUSEIO DO TUBO S/ CONTATO C/ SECRECAO, 
ADAPTADOR COM UNIVERSAL, COM APRESENTA VIA MDI, POSSIBILITA O USO DE AEROSSOL SEM DESCONEXAO DO TUBO, COM 
POSSUI VALVULA P/ ATIVAÇAO DA ASPIRACAO, VIA DE IRRIGACAO QUE PERMITE INSTILACAO E LAVAGEM DO TUBO, CONECTOR DE 
VACUO COM TAMPA PROTETORA, ESTERIL, EMBALADO EM EMBALAGEM INDIVIDUAL, A APRESENTACAO DO PRODUTO DEVERA 
OBEDECER A LEGISLACAO VIGENTE",304326.0,2020-14.506,61.418.042/0001-31,CIR.FERNANDES COM.MAT.CIR.E HOS.SOCIED.LT,26/09/2020,2020-04-28
SECRETARIA ESTADUAL DA SAÚDE,"CANULA ENDOTRAQUEAL, CONFECCIONADA EM PVC, TRANSPARENTE, FLEXIVEL, ATOXICO, COM CONECTOR, COM OLHO DE 
MURPHY, SEM MANDRIL, S/CUFF, SEM VALVULA, 3,0 MM (14 FR), EXTREMIDADE ATRAUMATICA, COM GRADUACAO INDELEVEL, USO 
UNICO, COM FIO RADIOPACO, ESTERIL, EMBALADO EM MATERIAL QUE PROMOVA BARREIRA MICROBIANA E ABERTURA ASSEPTICA E 
OBEDECER LEGISLACAO ATUAL VIGENTE",25302.82,2020-14.609,61.418.042/0001-31,CIR.FERNANDES COM.MAT.CIR.E HOS.SOCIED.LT,26/09/2020,2020-04-28
SECRETARIA ESTADUAL DA SAÚDE,"CANULA ENDOTRAQUEAL, CONFECCIONADA EM PVC, TRANSPARENTE, FLEXIVEL, ATOXICO, COM CONECTOR, COM OLHO DE 
MURPHY, SEM MANDRIL, SEM CUFF, SEM VALVULA, 3,5 MM (16 FR), EXTREMIDADE ATRAUMATICA, COM GRADUACAO INDELEVEL, 
USO UNICO, COM FIO RADIOPACO, ESTERIL, EMBALADO EM MATERIAL QUE PROMOVA BARREIRA MICROBIANA E ABERTURA 
ASSEPTICA E OBEDECER LEGISLACAO ATUAL VIGENTE",12243.3,2020-14.609,61.418.042/0001-31,CIR.FERNANDES COM.MAT.CIR.E HOS.SOCIED.LT,26/09/2020,2020-04-28
SECRETARIA ESTADUAL DA SAÚDE,"CANULA ENDOTRAQUEAL, CONFECCIONADA EM PVC, TRANSPARENTE, FLEXIVEL, ATOXICO, COM CONECTOR, COM OLHO DE 
MURPHY, SEM MANDRIL, COM CUFF DE BAIXA PRESSAO E ALTO VOLUME, COM VALVULA DE SEGURANCA, 7,5 MM (32 FR), 
EXTREMIDADE DA CANULA ATRAUMATICA, COM GRADUACAO INDELEVEL, USO UNICO, COM FIO RADIOPACO, ESTERIL, EMBALADO 
EM MATERIAL QUE PROMOVA BARREIRA MICROBIANA E ABERTURA ASSEPTICA E OBEDECER A LEGISLACAO ATUAL VIGENTE",80417.26,2020-14.609,61.418.042/0001-31,CIR.FERNANDES COM.MAT.CIR.E HOS.SOCIED.LT,26/09/2020,2020-04-28
SECRETARIA ESTADUAL DA SAÚDE,"CANULA ENDOTRAQUEAL, CONFECCIONADA EM PVC, TRANSPARENTE, FLEXIVEL, ATOXICO, COM CONECTOR, COM OLHO DE 
MURPHY, SEM MANDRIL, COM CUFF DE BAIXA PRESSAO E ALTO VOLUME, COM VALVULA DE SEGURANCA, 9.0 MM (38 FR), 
EXTREMIDADE DA CANULA ATRAUMATICA, COM GRADUACAO INDELEVEL, USO UNICO, COM FIO RADIOPACO, ESTERIL, EMBALADO 
EM MATERIAL QUE PROMOVA BARREIRA MICROBIANA E ABERTURA ASSEPTICA E OBEDECER A LEGISLACAO VIGENTE",32695.7,2020-14.609,61.418.042/0001-31,CIR.FERNANDES COM.MAT.CIR.E HOS.SOCIED.LT,26/09/2020,2020-04-28
SECRETARIA ESTADUAL DA SAÚDE,"CANULA ENDOTRAQUEAL, CONFECCIONADA EM PVC, TRANSPARENTE, FLEXIVEL,ATOXICO, COM CONECTOR,COM OLHO DE MURPHY, 
SEM MANDRIL, COM CUFF DE BAIXA PRESSAO E ALTO VOLUME, COM VALVULA DE SEGURANCA, CALIBRE 6,0 MM (26 FR), 
EXTREMIDADE DA CANULA ATRAUMATICA, COM GRADUACAO INDELEVEL, USO UNICO, COM FIO RADIOPACO, ESTERIL, EMBALADO 
EM MATERIAL QUE PROMOVA BARREIRA MICROBIANA E ABERTURA ASSEPTICA E OBEDECER A LEGISLACAO VIGENTE",21409.79,2020-14.609,61.418.042/0001-31,CIR.FERNANDES COM.MAT.CIR.E HOS.SOCIED.LT,26/09/2020,2020-04-28
SECRETARIA ESTADUAL DA SAÚDE,"CANULA ENDOTRAQUEAL, CONFECCIONADA EM PVC, TRANSPARENTE, FLEXIVEL, ATOXICO, COM CONECTOR, COM OLHO DE 
MURPHY, SEM MANDRIL, COM CUFF DE BAIXA PRESSAO E ALTO VOLUME, COM VALVULA DE SEGURANCA, CALIBRE 6,5 MM (28 FR), 
EXTREMIDADE DA CANULA ATRAUMATICA, COM GRADUACAO INDELEVEL, USO UNICO, COM FIO RADIOPACO, ESTERIL, EMBALADO 
EM MATERIAL QUE PROMOVA BARREIRA MICROBIANA E ABERTURA ASSEPTICA E OBEDECER A LEGISLACAO VIGENTE",23602.99,2020-14.609,61.418.042/0001-31,CIR.FERNANDES COM.MAT.CIR.E HOS.SOCIED.LT,26/09/2020,2020-04-28
SECRETARIA ESTADUAL DA SAÚDE,"CANULA ENDOTRAQUEAL, CONFECCIONADA EM PVC, TRANSPARENTE, FLEXIVEL, ATOXICO, COM CONECTOR, COM OLHO DE 
MURPHY, SEM MANDRIL, COM CUFF DE BAIXA PRESSAO E ALTO VOLUME, COM VALVULA DE SEGURANCA, CALIBRE 7,0 MM (30 FR), 
EXTREMIDADE DA CANULA ATRAUMATICA, COM GRADUACAO INDELEVEL, USO UNICO, COM FIO RADIOPACO, ESTERIL, EMBALADO 
EM MATERIAL QUE PROMOVA BARREIRA MICROBIANA E ABERTURA ASSEPTICA E OBEDECER A LEGISLACAO VIGENTE",41253.01,2020-14.609,61.418.042/0001-31,CIR.FERNANDES COM.MAT.CIR.E HOS.SOCIED.LT,26/09/2020,2020-04-28
SECRETARIA ESTADUAL DA SAÚDE,"CANULA ENDOTRAQUEAL, CONFECCIONADA EM PVC,TRANSPARENTE, FLEXIVEL, ATOXICO, COM CONECTOR,COM OLHO DE MURPHY, 
SEM MANDRIL, COM CUFF DE BAIXA PRESSAO E ALTO VOLUME, COM VALVULA DE SEGURANCA, CALIBRE 8,0 MM (34 FR), 
EXTREMIDADE DA CANULA ATRAUMATICA, COM GRADUACAO INDELEVEL, USO UNICO, COM FIO RADIOPACO, ESTERIL, EMBALADO 
EM MATERIAL QUE PROMOVA BARREIRA MICROBIANA E ABERTURA ASSEPTICA,DE ACORDE C/A LEGISLACAO ATUAL
VIGENTE",79895.07,2020-14.609,61.418.042/0001-31,CIR.FERNANDES COM.MAT.CIR.E HOS.SOCIED.LT,26/09/2020,2020-04-28
SECRETARIA ESTADUAL DA SAÚDE,"CANULA ENDOTRAQUEAL, CONFECCIONADA EM PVC, TRANSPARENTE, FLEXIVEL, ATOXICO, COM CONECTOR, COM OLHO DE 
MURPHY, SEM MANDRIL, COM CUFF DE BAIXA PRESSAO E ALTO VOLUME, COM VALVULA DE SEGURANCA, CALIBRE 8.5 MM (36 FR), 
EXTREMIDADE DA CANULA ATRAUMATICA, COM GRADUACAO INDELEVEL, USO UNICO, COM FIO RADIOPACO, ESTERIL, EMBALADO 
EM MATERIAL QUE PROMOVA BARREIRA MICROBIANA E ABERTURA ASSEPTICA E OBEDECER A LEGISLACAO VIGENTE",42297.39,2020-14.609,61.418.042/0001-31,CIR.FERNANDES COM.MAT.CIR.E HOS.SOCIED.LT,26/09/2020,2020-04-28
SECRETARIA ESTADUAL DA SAÚDE,"CANULA ENDOTRAQUEAL, CONFECCIONADA EM PVC, TRANSPARENTE, FLEXIVEL, ATOXICO, COM CONECTOR, COM OLHO DE 
MURPHY, SEM MANDRIL, COM CUFF DE BAIXA PRESSÃO E ALTO VOLUME, COM VALVULA DE SEGURANCA, 4,5 MM (20 FR), 
EXTREMIDADE DA CANULA ATRAUMATICA, COM GRADUACAO INDELEVEL, USO UNICO, COM FIO RADIOPACO, ESTERIL, EMBALADO 
EM MATERIAL QUE PROMOVA BARREIRA MICROBIANA, ABERTURA ASSEPTICA E OBEDECER A LEGISLACAO VIGENTE",13576.94,2020-14.609,61.418.042/0001-31,CIR.FERNANDES COM.MAT.CIR.E HOS.SOCIED.LT,26/09/2020,2020-04-28
SECRETARIA ESTADUAL DA SAÚDE,"CANULA ENDOTRAQUEAL, CONFECCIONADA EM PVC, TRANSPARENTE, FLEXIVEL, ATOXICO, COM CONECTOR, COM OLHO DE 
MURPHY, SEM MANDRIL, COM CUFF DE BAIXA PRESSÃO E ALTO VOLUME, COM VALVULA DE SEGURANCA, 5.5 MM (24 FR), COM 
EXTREMIDADE ATRAUMATICA, COM GRADUACAO INDELEVEL, USO UNICO, COM FIO RADIOPACO, ESTERIL, EMBALADO EM MATERIAL 
QUE PROMOVA BARREIRA MICROBIANA, ABERTURA ASSEPTICA E ATENDA A LEGISLACAO ATUAL VIGENTE",31331.4,2020-14.609,61.418.042/0001-31,CIR.FERNANDES COM.MAT.CIR.E HOS.SOCIED.LT,26/09/2020,2020-04-28
SECRETARIA ESTADUAL DA SAÚDE,"CANULA ENDOTRAQUEAL, CONFECCIONADA EM PVC, TRANSPARENTE, FLEXIVEL, ATOXICO, COM CONECTOR, COM OLHO DE 
MURPHY, SEM MANDRIL, COM CUFF DE BAIXA PRESSAO E ALTO VOLUME, COM VALVULA DE SEGURANCA, CALIBRE 4,0 MM (18 FR), 
COM EXTREMIDADE ATRAUMATICA, COM GRADUACAO INDELEVEL, USO UNICO, COM FIO RADIOPACO, ESTERIL, EMBALADO EM 
MATERIAL QUE PROMOVA BARREIRA MICROBIANA E ABERTURA ASSEPTICA E OBEDECER A LEGISLACAO VIGENTE",15665.7,2020-14.609,61.418.042/0001-31,CIR.FERNANDES COM.MAT.CIR.E HOS.SOCIED.LT,26/09/2020,2020-04-28
SECRETARIA ESTADUAL DA SAÚDE,"CANULA ENDOTRAQUEAL, CONFECCIONADA EM PVC, TRANSPARENTE, FLEXIVEL, ATOXICO, COM CONECTOR, COM OLHO DE 
MURPHY, SEM MANDRIL, COM CUFF DE BAIXA PRESSAO E ALTO VOLUME, COM VALVULA DE SEGURANCA, CALIBRE 5,0 MM (22 FR), 
COM EXTREMIDADE ATRAUMATICA, COM GRADUACAO INDELEVEL, USO UNICO, COM FIO RADIOPACO, ESTERIL, EMBALADO EM 
MATERIAL QUE PROMOVA BARREIRA MICROBIANA E ABERTURA ASSEPTICA E OBEDECER A LEGISLACAO VIGENTE",12532.56,2020-14.609,61.418.042/0001-31,CIR.FERNANDES COM.MAT.CIR.E HOS.SOCIED.LT,26/09/2020,2020-04-28
SECRETARIA ESTADUAL DA SAÚDE,"CAMA HOSPITALAR, COM MOVIMENTOS ELETRICOS:FOWLER,TRENDELENBURG, DORSO,PERNAS E ELEVACAO, NAS DIMENSOES (C X L 
X A) DE 190 X 80 X 55 A 80 CM INTERNAS. 215 X 100 CM EXTERNAS. CAPACIDADE 180 KG, 4 RODIZIOS DE 125 MM, SENDO 2 COM 
FREIOS EM DIAGONAL, ESTRUTURA EM CHAPA DE ACO, COM PINTURA EPOXI APOS TRATAMENTO  ANTIFERRUGINOSO. BASE 
REVESTIDA EM MAT.TERMOPL., ESTRADO EM CHAPA DE ACO DE 1,5 MM DE ESPESSURA, ARTICULADO, PERFURADO, C/ 04 SECCOES, 
CABECEIRA EM TUBO DE ACO INOX OU POLIURETANO INJETADO ATE AALTURA DO COLCHAO, PESEIRA EM TUBO DE ACO INOX OU 
POLIURETANO INJETADO ATE AALTURA DO COLCHAO, COM PARA-CHOQUES DE BORRACHA EM TODA VOLTA, COM GRADES 
LATERAIS EM TUBO DE ACO INOX OU 02 PARES EM POLIURETANO INJETADO. SUPORTE DE SORO EM ACO INOX, COM COLCHAO 
DENSIDADE 28 C/12CM DE ESPESSURA, REVESTIDO EM COURVIM.ALIMENTACAO 127 OU 220 V.BATERIA RECARREGAVEL, 
ACOMPANHANDO SUPORTE DE SORO,INOX. CERTIFICACAO ABNT NBR IEC 60",1526400.0,2020-14.625,02.563.570/0001-15,MEDI-SAUDE PROD MEDICO HOSP LTDA-ME,06/10/2020,2020-04-28
SECRETARIA ESTADUAL DA SAÚDE,"MARCAPASSO CARDIACO EXTERNO, ESTIMULACAO TEMPORARIA DE CAMARA UNICA, VVI, VOO , PORTATIL, MICROPROCESSADO, DE 
DEMANDA (ADULTO/PEDIATRICO), COM FREQUENCIA B ASICA 40 A50 BPM E BRUST 90 A 400 BPM. PROTECAO CONTRA RECURSOS 
PROVOCADOS PO R DESFIBRILADOR, COM AMPLITUDE 0,1 A 20 MV OU 0,3 A 10 V. SENSIBILIDADE 1 A 1 0 MV. PERIODO REFRATARIO 
250MS., RECURSO OVER-DRIVE E ESTIMULACAO CONTINUA DU RANTEA TROCA DE BATERIA, MOSTRADOR(ES) DIGITAL, 
ACOMPANHA: 3 ELETRODOS TEMPOR ARIOS DE 5 F COM KIT INTRODUTOR, ALIMENTACAO: BATERIA DE 9 V (AUTONOMIA 48 HO RAS 
DE USO CONTINUO), INCLUI: GARANTIA 12 MESES E TREINAMENTO",577500.0,2020-14.627,03.231.857/0001-00,BIO PACE COMERCIAL MÉDICA LTDA.,04/10/2020,2020-04-28
SECRETARIA ESTADUAL DA SAÚDE,"ELETROCARDIOGRAFO, PORTATIL,12 DERIVACOES SIMULTANEAS. IDENTIFICACAO  AUTOMATICA DE TODAS DERIVACOES, COM 
SENSIBILIDADE (GANHO) 5, 10 E 20 MM/MV, VELOCIDADE DE REGISTRO 25 A 50 MM/S EM PAPEL MILIMETRADO COM IMPRESSAO 
DE DADOS DO PACIENTE(NOME, IDADE E SEXO), FILTRO PARA RUIDOS DE REDE E TREMOR MUSCULAR, SINAL DE CALIBRACAO DE 1 
MV, CORRECAO AUTOMATICA DA LINHA DE BASE, ANALISE DE TRACADO, OPERACAO AUTOMATICA E MANUAL, PROTECAO CONTRA 
DESCARGA DO DESFIBRILADOR. ATENDIMENTO A NBR IEC 601-1, 60601-1-2 E 60601-2-25., COM INTERFACES PARA PARA 
EXPORTACAO DE DADOS DO EXAME. ATRAVES DE CARTAO DE MEMORIA OU PORTA USB, ALIMENTACAO 100 A 220 V - 60 HZ, 
SELECAO AUTOMATICA. BATERIA INTERNA RECARREGAVEL, AUTONOMIA 100 EXAMES, ACOMPANHA: CABO DE PACIENTE 10 VIAS, 
ELETRODOS DE MEMBROS E PRECORDIAIS, TUBO DE GEL E CARRO DE TRANSPORTE, INCLUI: GARANTIA 12 MESES, INSTALACAO E 
TREINAMENTO",414287.5,2020-14.859,11.405.384/0001-49,ALFA MED SISTEMAS MÉDICOS LTDA.,06/10/2020,2020-04-28
SECRETARIA ESTADUAL DA SAÚDE,"CONJUNTO PARA PROTEÇÃO E SEGURANÇA, COMPOSTO POR MACACAO COM CAPUZ, INTEIRICO, CONFECCIONADO EM FIBRAS 
ENTRELACADAS CONTINUO DE POLIETILENO DE ALTA DENSIDADE, ESPESSURA DE 0,5 A 10 MICROMETROS, COM MANGAS 
COMPRIDAS SEM BOLSOS, ELASTICO NOS PUNHOS E TORNOZELOS, CAPUZ C/ELASTICO EM TORNO DO ROSTO,LEVE, 
MACIO,RESISTENTE A AGUA, FLEXAO, RASGO, QUIMICO, ARRANHOES, BAIXA E ALTA TEMPERATURA, ESTAVEL E RECICLAVEL, 
FECHAMENTO NA PARTE FRONTAL COM ZIPER, NO TAMANHO SM, NÃO ESTERIL, CONJUNTO SERA UTILIZADO NA ATIVIDADE COM 
AGENTES QUIMICOS LIQUIDOS, NA COR BRANCA, OPACO, CONFORME CERTIFICADO DE APROVACAO DO MINISTERIO DO TRABALHO",4329.89,2020-14.919,26.370.747/0001-25,PERFORMANCE SPECIALTY P BRASIL S C P EL PROT SEG LTDA,29/09/2020,2020-04-28
SECRETARIA ESTADUAL DA SAÚDE,"CONJUNTO PARA PROTEÇÃO E SEGURANÇA, COMPOSTO POR MACACAO COM CAPUZ, INTEIRICO, CONFECCIONADO EM FIBRAS 
ENTRELACADAS CONTINUO DE POLIETILENO DE ALTA DENSIDADE, ESPESSURA DE 0,5 A 10 MICROMETROS, COM MANGAS 
COMPRIDAS SEM BOLSOS, ELASTICO NOS PUNHOS E TORNOZELOS, CAPUZ C/ELASTICO EM TORNO DO ROSTO,LEVE, 
MACIO,RESISTENTE A AGUA, FLEXAO, RASGO, QUIMICO, ARRANHOES, BAIXA E ALTA TEMPERATURA, ESTAVEL E RECICLAVEL, 
FECHAMENTO NA PARTE FRONTAL COM ZIPER, NO TAMANHO MD, NÃO ESTERIL, CONJUNTO SERA UTILIZADO NA ATIVIDADE COM 
AGENTES QUIMICOS LIQUIDOS, NA COR BRANCA, OPACO, CONFORME CERTIFICADO DE APROVACAO DO MINISTERIO DO TRABALHO",2886.59,2020-14.919,26.370.747/0001-25,PERFORMANCE SPECIALTY P BRASIL S C P EL PROT SEG LTDA,29/09/2020,2020-04-28
SECRETARIA ESTADUAL DA SAÚDE,"CONJUNTO PARA PROTEÇÃO E SEGURANÇA, COMPOSTO POR MACACAO COM CAPUZ, INTEIRICO, CONFECCIONADO EM FIBRAS 
ENTRELACADAS CONTINUO DE POLIETILENO DE ALTA DENSIDADE, ESPESSURA DE 0,5 A 10 MICROMETROS, COM MANGAS 
COMPRIDAS SEM BOLSOS, ELASTICO NOS PUNHOS E TORNOZELOS, CAPUZ C/ELASTICO EM TORNO DO ROSTO,LEVE, 
MACIO,RESISTENTE A AGUA, FLEXAO, RASGO, QUIMICO, ARRANHOES, BAIXA E ALTA TEMPERATURA, ESTAVEL E RECICLAVEL, 
FECHAMENTO NA PARTE FRONTAL COM ZIPER, NO TAMANHO LG, NÃO ESTERIL, CONJUNTO SERA UTILIZADO NA ATIVIDADE COM 
AGENTES QUIMICOS LIQUIDOS, NA COR BRANCA, OPACO, CONFORME CERTIFICADO DE APROVACAO DO MINISTERIO DO TRABALHO",5773.18,2020-14.919,26.370.747/0001-25,PERFORMANCE SPECIALTY P BRASIL S C P EL PROT SEG LTDA,29/09/2020,2020-04-28
SECRETARIA ESTADUAL DA SAÚDE,"CONJUNTO PARA PROTEÇÃO E SEGURANÇA, COMPOSTO POR MACACAO COM CAPUZ, INTEIRICO, CONFECCIONADO EM FIBRAS 
ENTRELACADAS CONTINUO DE POLIETILENO DE ALTA DENSIDADE, ESPESSURA DE 0,5 A 10 MICROMETROS, COM MANGAS 
COMPRIDAS SEM BOLSOS, ELASTICO NOS PUNHOS E TORNOZELOS, CAPUZ C/ELASTICO EM TORNO DO ROSTO,LEVE, 
MACIO,RESISTENTE A AGUA, FLEXAO, RASGO, QUIMICO, ARRANHOES, BAIXA E ALTA TEMPERATURA, ESTAVEL E RECICLAVEL, 
FECHAMENTO NA PARTE FRONTAL COM ZIPER, NO TAMANHO XL, NÃO ESTERIL, CONJUNTO SERA UTILIZADO NA ATIVIDADE COM 
AGENTES QUIMICOS LIQUIDOS, NA COR BRANCA, OPACO, CONFORME CERTIFICADO DE APROVACAO DO MINISTERIO DO TRABALHO",6494.83,2020-14.919,26.370.747/0001-25,PERFORMANCE SPECIALTY P BRASIL S C P EL PROT SEG LTDA,29/09/2020,2020-04-28
SECRETARIA ESTADUAL DA SAÚDE,"MASCARA FACIAL, COM ADAPTADOR PARA O VISOR COM ELASTICO, NÃO ESTERIL, ANATOMICO, SEM REBARBAS PROTEÇÃO DE 
LIQUIDOS E POEIRAS, CONSTITUIDO DE VISOR EM POLICARBONATO, MEDINDO APROXIMADAMENTE 22,2CM X 23,8CM E 0,5MM DE 
ESPESSURA, TRANSPARENTE, A APRESENTACAO DO PRODUTO DEVERA OBEDECER A LEGISLAÇÃO ATUAL VIGENTE E EMBALADO 
INDIVIDUALMENTE EM MATERIAL QUE GARANTA A INTEGRIDADE DO PRODUTO",960000.0,2020-14.920,04.626.152/0001-55,HANNOVER PLASTICOS S.A.,27/09/2020,2020-04-28
SECRETARIA ESTADUAL DA SAÚDE,"UMIDIFICADOR CONDENSADOR, COM FILTRO PARA VENTILACAO MECANICA (TROCADOR DE CALOR E UMIDADE COM FILTRO  
BACTERIANO E VIRAL), ESTERIL COM FILTRACAO ELETROSTATICA, DE USO UNICO PARA MANUTENCAO DA UMIDADE E 
AQUECIMENTO DAS VIAS RESPIRATORIAS DO PACIENTE, UMIDIFICACAO COMPATIVEL COM VOLUME CORRENTE MINIMO DE 300ML, 
COM ESPACO MORTO COM EFICACIA MINIMA DE 99,99% DE REMOCAO DE BACTERIAS E VIRUS, A APRESENTACAO DO PRODUTO 
DEVERA OBEDECER A LEGISLACAO VIGENTE",700800.0,2020-15.034,74.400.052/0001-91,COMERCIAL 3 ALBE LTDA,28/09/2020,2020-04-28
SECRETARIA ESTADUAL DA SAÚDE,"CAMA HOSPITALAR, COM MOVIMENTOS FOWLER E TRENDELENBURG ATRAVES DE MANIVELAS E SCAMOTEAVEIS CROMADAS, NAS 
DIMENSOES (C X L X A) DE 210 X 90 X 70 CM (INTERNA S), APROXIMADAMENTE. CAPACIDADE 150 KG, 4 RODIZIOS DE 4"", SENDO 2 
COM FREIOS.  BASE REVESTIDA EM MATERIAL TERMOPLASTICO, ESTRUTURA EM CHAPA DE ACO, COM PINTURA EPOXI APOS 
TRATAMENTO  ANTIFERRUGINOSO, ESTRADO EM CHAPA DE ACO ARTICULA VEL DE ACO N° 16, COM 1,50 MM DE ESPESSURA, 
PERFURADO, CABECEIRA REMOVIVEL EM  POLIURETANO INJETADO, PESEIRA REMOVIVEL EM POLIURETANO INJETADO, COM PARA-
CHOQUES DE BORRACHA NA CABECEIRA E ENCAIXE PARA SUPORTE DE SORO, COM GRADES LATERAIS EM POLIURETANO INJETADO, 
COM SISTEMA PARA EMBUTI-LAS, COM TRAVA DE SEGURANCA, COM COLCHAO EM ESPUMA DE POLIURETANO, DENSIDADE 28 E 12 
CM DEESPESSURA, ACOMPANHANDO SUPORTE DE SORO EM ACO INOX AISI 304. GARANTIA 5 ANOS",2656200.0,2020-15.140,24.341.520/0001-26,J.R. DE ALMEIDA ARÊDES - EPP,19/10/2020,2020-04-28
SECRETARIA ESTADUAL DA SAÚDE,"SERVICO DE LOCACAO, CONTAINER REFRIGERADO, TENDO COMO FUNÇÃO A PRESTAÇÃO DE SERVIÇOS DE PRIMEIRO ATENDIMENTO 
AOS PACIENTES COM SUSPEITA DE SEREM PORTADORES DO VÍRUS COVID-19",256561.26,2020-15.367,14.721.504/0001-05,VENDAP LOCAÇÃO DE EQUIPAMENTOS LTDA.,13/10/2020,2020-04-28
SECRETARIA ESTADUAL DA SAÚDE,"LUVA PARA PROCEDIMENTO, EM VINIL, ATOXICA E ANTIALERGICA, COM BOA SENSIBILIDADE TATIL, COM TEXTURA UNIFORME,SEM 
FALHAS E FORMATO ANATOMICO, COM BOA ELASTICIDADE, RESISTENTE, NAO LUBRIFICADA, ISENTA DE TALCO OU QUALQUER 
OUTRO TIPO DE PO, NO TAMANHO MEDIO, COM PUNHO ACABADO DE 04 A 06 CM COM BAINHA DO MESMO MATERIAL DA LUVA, 
NAO ESTERIL, EMBALADO EM MATERIAL QUE GARANTA A INTEGRIDADE DO PRODUTO, O PRODUTO DEVERA SER ENTREGUE 
ACOMPANHADO DO CA,E REGISTRO DO MINISTERIO DA SAUDE E ATENDER A NBR 11193-1",480000.0,2020-15.509,09.260.071/0001-06,CIRURGICA KD LTDA,29/09/2020,2020-04-28
SECRETARIA ESTADUAL DA SAÚDE,"LUVA PARA PROCEDIMENTO, EM LATEX COM BOA SENSIBILIDADE TATIL, COM TEXTURA UNIFORME,SEM FALHAS E FORMATO 
ANATOMICO, TALCADA, NO TAMANHO GRANDE, COM PUNHO ACABADO DE 4 A 6 CM E BAINHA DO MESMO MATERIAL DA LUVA, 
NAO ESTERIL, EMBALADO EM EMBALAGEM PLASTICA INDIVIDUAL CONTENDO UM PAR, O PRODUTO DEVERA SER ENTREGUE 
ACOMPANHADO DO CA,E REGISTRO DO MINISTERIO DA SAUDE E ATENDER A NBR 11193-1",170000.0,2020-15.509,09.260.071/0001-06,CIRURGICA KD LTDA,29/09/2020,2020-04-28
SECRETARIA ESTADUAL DA SAÚDE,"LUVA PARA PROCEDIMENTO, EM LATEX NATURAL COM BOA SENSIBILIDADE TATIL, COM TEXTURA UNIFORME,SEM FALHAS E 
FORMATO ANATOMICO, LUBRIFICADA COM PO ABSORVIVEL E ATOXICO, NO TAMANHO MEDIO, COM PUNHO ACABADO DE 04 A 06 
CM, COM BAINHA DO MESMO MATERIAL DA LUVA, NAO ESTERIL, EMBALADO EM MATERIAL QUE GARANTA A INTEGRIDADE DO 
PRODUTO, O PRODUTO DEVERA SER ENTREGUE ACOMPANHADO DO CA, E E REGUL.TEC.APROVADO PELA RDC Nº05/08 
ANVISA,NORMA ABNT NBR 13392 E NR6,PORT.INMETRO/MDIC Nº 233/08",510000.0,2020-15.509,09.260.071/0001-06,CIRURGICA KD LTDA,29/09/2020,2020-04-28
SECRETARIA ESTADUAL DA SAÚDE,"LUVA PARA PROCEDIMENTO, EM LATEX, DEVENDO PERMITIR ALTA SENSIBILIDADE DE TATO, COM TEXTURA UNIFORME, SEM FALHAS 
E FUROS OU QUALQUER DEFEITO, ISENTA DE EMENDAS, ANATOMICA, AMBIDESTRA, HIPOALERGENICA, LUBRIFICADAS COM PO 
ABSORVIVEL ATOXICO, NO TAMANHO PEQUENO, DEVENDO APRESENTAR PERFEITA ADAPTACAO ANATOMICA DA MAO, COM 
PUNHO ACABADO DE 4 A 6 CM E BAINHA DO MESMO MATERIAL DA LUVA COM AJUSTE PERFEITO, NAO ESTERIL, DESCARTAVEL, 
EMBALADO EM MATERIAL APROPRIADO QUE GARANTA A INTEGRIDADE DO PRODUTO ATE O USO, O PRODUTO DEVERA SER 
ENTREGUE ACOMPANHADO DO CA,E REGUL.TEC.APROVADO PELA RDC Nº05/08 ANVISA, NORMASABNT NBR 13392 E NR6, 
PORT.INMETRO/MDIC Nº 233/08",340000.0,2020-15.509,09.260.071/0001-06,CIRURGICA KD LTDA,29/09/2020,2020-04-28
SECRETARIA ESTADUAL DA SAÚDE,"KIT PARA BANHO, EM COMPRESSA, C/SOL.HIDRATANTE, S/FRAGANCIA, S/ALCOOL, EMOLIENTE, TENSOATIVO, HIPOALERGENICO, 
PARA HIGIENE CORP., C/08 COMPRESSAS MIN.18CM E MÁX.DE 27CM QUE NÃO NECESSITE DE ENXAGUE E AQUEC.MICROONDAS, 
APRESENTACAO DO PRODUTO DEVERA TER DISPOSITIVO PARA ABERTURA E FECHAMENTO E ATENDER A LEGISLAÇÃO VIGENTE",1243500.0,2020-15.543,74.400.052/0001-91,COMERCIAL 3 ALBE LTDA.,03/10/2020,2020-04-28
SECRETARIA ESTADUAL DA SAÚDE,"HIGIENIZADOR EM ESPUMA, NEUTRO, COMPOSTO DE ALCOOL ETILICO 70%, ALCOOL ISOPROPILICO MENOR QUE 5%, INDICADO 
PARA AÇÃO BACTERICIDA E ANTISSEPTICA PARA MÃOS, ACONDICIONADO EM EMBALAGEM C/VALVULA ANTI-RETORNO 
C/DISPENSAÇÃO ENTRE 0,4ML A 0,8ML, PRODUTO SUJEITO A VERIFICACAO NO ATO DA ENTREGA AOS PROCEDIMENTOS ADM. 
DETERMINADOS PELA ANVISA, VALIDADE MINIMA DE 12 MESES",8820000.0,2020-15.569,08.304.991/0001-08,PS DISTRIBUIDORA DE PRODUTOS DA SAUDE LTD,04/10/2020,2020-04-28
SECRETARIA ESTADUAL DA SAÚDE,"HIGIENIZADOR EM ESPUMA ANTISSEPTICO DE MAOS, INCOLOR, COMPOSTO DE ALCOOL ETILICO 70%. ALCOOL ISOPROPILICO, 
AGENTES COMPLEMENTARRES PARA HIDRATACAO DA PELE, ACONDICIONADO EM VALVULA DOSADORA TIPO PUMP, ANTI 
RETORNO, COM SUPORTE ADAPTAVEL, PARA BE IRA DE LEITO E SUPORTE DE SORO, ACONDICIONADO EM FRASCO PLASTICO, 
PRODUTO SUJEITO A VERIFICACAO NO ATO DA ENTREGA DE ACORDO COM A LEGISLACAO VIGENTE. AOS PROCEDIMENTOS ADM. 
DETERMINADOS PELA ANVISA, VALIDADE MINIMA 12 MESES",2748000.0,2020-15.569,08.304.991/0001-08,PS DISTRIBUIDORA DE PRODUTOS DA SAUDE LTD,04/10/2020,2020-04-28
SECRETARIA ESTADUAL DA SAÚDE,"MASCARA CIRURGICA DESCARTAVEL, EM CONCHA, COMPOSTA DE NÃO TECIDO MOLDADO EM FIBRAS SINTETICAS POR PROCESSO  
SEM RESINA, COM CLIP NASAL E SEM VALVULA DE EXALAÇÃO, CAMADA EXTERNA COMPO STA DE NÃO TECIDO QUE PROTEGE O 
MEIO FILTRANTE, EVITANDO QUE OS FIOS SE SOLTEM, COM 2 BANDAS DE ELASTICO, UMA TIRA DE ESPUMA, BFE NO MINIMO DE 
94%, ME IO FILTRANTE COMPOSTO POR MICROFIBRAS TRATADAS ELETROSTATICAMENTE, EMBALAGEM INDIVIDUAL, EM MATERIAL 
QUE GARANTA A INTEGRIDADE DO PRODUTO,  A APRESENTACAO DO PRODUTO DEVERA OBEDECER A LEGISLAÇÃO VIGENTE",297192.0,2020-15.581,45.985.371/0001-08,3M DO BRASIL LTDA,04/10/2020,2020-04-28
SECRETARIA ESTADUAL DA SAÚDE,"MASCARA DE PROTECAO DESCARTAVEL, CONFECCIONADO EM FIBRAS SINTETICAS, COM CAMADAS DE MICROFIBRAS TRATADAS 
ELETROSTATICAMENTE, COM TIRAS ELASTICAS PARA FIXACAO, ESPUMA E CLIPS DE METAL PARA FIXACAO NASAL, QUE NAO PERMITE 
ENTRADA LATERAL DE AR, USO EM AMBIENTE COM RISCO PARA CONTAMINACAO, APRESENTACAO EM MATERIAL QUE GARANTA A 
INTEGRIDADE DO PRODUTO, ROTULAGEM RESPEITANDO A LEGISLACAO ATUAL VIGENTE",434388.0,2020-15.581,45.985.371/0001-08,3M DO BRASIL LTDA,04/10/2020,2020-04-28
SECRETARIA ESTADUAL DA SAÚDE,"RESPIRADOR SEMIFACIAL PECA FACIAL FILTRANTE, CONFECCIONADO EM CAMADAS FILTRANTES DE FIBRAS SINTETICAS; SEM 
MANUTENCAO, NO TAMANHO REGULAR, NA COR BRANCA, DO TIPO DOBRAVEL, CLASSE PFF2, SEM VALVULA DE EXALACAO, 
INDICADO PARA PROTECAO DE VIAS RESPIRATORIAS, COM 2 PRESILHAS EM MATERIAL PLASTICO PRETO FIXADAS AS LATERAIS C/2 
TIRANTES ELASTICOS ENTRELACADOS, COM 04 ALCAS (02 NA PARTE SUPERIOR E 02 NA PARTE INFERIOR), COM ACABAMENTO 
SOLDADO; COM 01 TIRA METALICA MOLDAVEL FIXADA NA PARTE SUPERIOR EXTERNA DA PECA, O RESPIRADOR DEVERA ESTAR DE 
ACORDO COM A NORMA NBR 13698 - ABNT, COM CERTIFICADO DE APROVACAO DO MINISTERIO DO TRABALHO, COM GARANTIA DE 
01 ANO CONTRA DEFEITOS DE FABRICACAO",1236468.0,2020-15.581,45.985.371/0001-08,3M DO BRASIL LTDA,04/10/2020,2020-04-28
SECRETARIA ESTADUAL DA SAÚDE,"MASCARA DE PROTECAO DESCARTAVEL, CONFECCIONADO EM FIBRAS SINTETICAS, SEMIFACIAL SEM VALVULA DE EXALAÇÃO, N95 
PFF-2(S), COM MICROFIBRAS TRATADAS ELETROESTATICAMENTE, NÃO TECIDO TRATADO, MOLDADO, COM TIRAS DE ELÁSTICO PARA 
FIXAÇÃO E CLIPS DE METAL PARA FIXAÇÃO NASAL, QUE PERMITA PROTEÇÃO RESPIRATÓRIA DO USUÁRIO EM AMBIENTE 
HOSPITALAR, COM PRESENÇA DE AERODISPERSORES, USO EM PROTEÇÃO RESPIRATÓRIA CONTRA AEROSSOIS, APRESENTACAO EM 
MATERIAL QUE GARANTA A INTEGRIDADE DO PRODUTO, ROTULAGEM RESPEITANDO A EXIGENCIAS DA NR 6 DA PORTARIA 3214/78 
E ACOMPANHADO DO CA",1191355.2,2020-15.581,45.985.371/0001-08,3M DO BRASIL LTDA,04/10/2020,2020-04-28
SECRETARIA ESTADUAL DA SAÚDE,"LUVA DE PROCEDIMENTO NÃO ESTÉRIL, CONFECCIONADA EM LÁTEX 100% NATURAL, AMBIDESTRA, ALTA SENSIBILIDADE, TAMANHO 
M, TOTALMENTE IMPERMEÁVEL, LUBRIFICADA, PUNHO COM BAINHA, COM BOA ELASTICIDADE, TEXTURA UNIFORME. O PRODUTO 
DEVERÁ POSSUIR CERTIFICAÇÃO CA CONFORME ESTABELECIDA PELA  NR 6. EMBALADA EM MATERIAL QUE GARANTA A 
INTEGRIDADE DO PRODUTO.",69800.0,2020-15.857,03.137.410/0001-77,BREMEM COMERCIO E SERVIÇOS LTDA-ME,04/10/2020,2020-04-28
SECRETARIA ESTADUAL DA SAÚDE,"LUVA DE PROCEDIMENTO NÃO ESTÉRIL, CONFECCIONADA EM LÁTEX 100% NATURAL, AMBIDESTRA, ALTA SENSIBILIDADE, TAMANHO 
G, TOTALMENTE IMPERMEÁVEL, LUBRIFICADA, PUNHO COM BAINHA, COM BOA ELASTICIDADE, TEXTURA UNIFORME. O PRODUTO 
DEVERÁ   POSSUIR CERTIFICAÇÃO CA CONFORME ESTABELECIDA PELA  NR 6. EMBALADA EM MATERIAL QUE GARANTA A 
INTEGRIDADE DO PRODUTO.",872500.0,2020-15.857,03.137.410/0001-77,BREMEM COMERCIO E SERVIÇOS LTDA-ME,04/10/2020,2020-04-28
SECRETARIA ESTADUAL DA SAÚDE,"LUVA DE PROCEDIMENTO EM 100% BORRACHA NITRILICA, SEM FORRO, COR VARIADA, COM BOA SENSIBILIDADE TATIL, COM 
TEXTURA UNIFORME, SEM FALHAS E FORMATO ANATOMICO, NAO TALCADA, NO TAMANHO PEQUENO, COM PUNHO ACABADO DE 
CANO LONGO, NAO ESTERIL, EMBALADO EM MATERIAL QUE GARANTA A INTEGRIDADE DO PRODUTO, O PRODUTO DEVERA SER 
ENTREGUE ACOMPANHADO DO CA, E ATENDER A LEGISLAÇÃO ATUAL",34900.0,2020-15.857,03.137.410/0001-77,BREMEM COMERCIO E SERVIÇOS LTDA-ME,04/10/2020,2020-04-28
SECRETARIA ESTADUAL DA SAÚDE,"LUVA DE PROCEDIMENTO EM 100% BORRACHA NITRILICA, SEM FORRO, COR VARIADA, COM BOA SENSIBILIDADE TATIL, COM 
TEXTURA UNIFORME, SEM FALHAS E FORMATO ANATOMICO, NAO TALCADA, NO TAMANHO MEDIO, COM PUNHO ACABADO DE 
CANO LONGO, NAO ESTERIL, EMBALADO EM MATERIAL QUE GARANTA A INTEGRIDADE DO PRODUTO, O PRODUTO DEVERA SER 
ENTREGUE ACOMPANHADO DO CA, E ATENDER A LEGISLAÇÃO ATUAL",34900.0,2020-15.857,03.137.410/0001-77,BREMEM COMERCIO E SERVIÇOS LTDA-ME,04/10/2020,2020-04-28
SECRETARIA ESTADUAL DA SAÚDE,"LUVA DE PROCEDIMENTO, EM 100% BORRACHA NITRILICA, SEM FORRO, COR VARIADA, COM BOA SENSIBILIDADE TATIL, COM 
TEXTURA UNIFORME,SEM FALHAS E FORMATO ANATOMICO, NAO TALCADA, NO  TAMANHO GRANDE, COM PUNHO ACABADO DE 
CANO LONGO, NAO ESTERIL, EMBALADO EM MATERIAL QUE GARANTA A INTEGRIDADE DO PRODUTO, O PRODUTO DEVERA SER 
ENTREGUE ACOMPANHADO DO CA,E ATENDER A LEGISLAÇÃO ATUAL.",34900.0,2020-15.857,03.137.410/0001-77,BREMEM COMERCIO E SERVIÇOS LTDA-ME,04/10/2020,2020-04-28
SECRETARIA ESTADUAL DA SAÚDE,"COBERTURA/INVOLUCRO DE OBITO, EM POLIETILENO DE BAIXA DENSIDADE,  IMPERMEAVEL E BIODEGRADAVEL,  FORMATO DE SACO 
NA COR CINZA OU BRANCO, COM FICHA DE IDENTIFICACAO, E EXTERNAMENTE COM A FRASE ""AGENTES BIOLOGICOS RISCO 3"",  
COM""ZIPER""FRONTAL EM TODA SUA EXTENSAO, ACABAMENTO COM SOLDA, ACOMPANHA SACO PARA RESIDUO, TAMANHO 
PEQUENO, MINIMO DE 50CM DE LAGURA E 100CM DE COMPRIMENTO, ESPESSURA DE 0,12, A APRESENTACAO DO PRODUTO 
DEVERA OBEDECER A LEGISLACAO ATUAL VIGENTE; EMBALAGEM QUE GARANTA A INTEGRIDADE DO PRODUTO.",8786.4,2020-16.120,03.644.345/0001-76,POLIFILME INDÚSTRIA E COMÉRCIO DE EMBALAGENS LTDA.,10/10/2020,2020-04-28
SECRETARIA ESTADUAL DA SAÚDE,"COBERTURA/INVOLUCRO DE OBITO, EM POLIETILENO DE BAIXA DENSIDADE, IMPERMEAVEL E BIODEGRADAVEL, FORMATO DE SACO 
NA COR CINZA OU BRANCO, COM FICHA DE IDENTIFICACAO, E EXTERNAMENTE COM A FRASE ""AGENTES BIOLOGICOS RISCO 3"", 
COM""ZIPER""FRONTAL EM TODA SUA EXTENSAO,  ACABAMENTO COM SOLDA, ACOMPANHA SACO PARA RESIDUO, TAMANHO 
GRANDE, MINIMO DE 90CM DE LAGURA E 210CM DE COMPRIMENTO, ESPESSURA DE 0,16, A APRESENTACAO DO PRODUTO DEVERA 
OBEDECER A LEGISLACAO ATUAL VIGENTE; EMBALAGEM QUE GARANTA A INTEGRIDADE DO PRODUTO",788240.0,2020-16.120,03.644.345/0001-76,POLIFILME INDÚSTRIA E COMÉRCIO DE EMBALAGENS LTDA.,10/10/2020,2020-04-28
SECRETARIA ESTADUAL DA SAÚDE,"COBERTURA/INVOLUCRO DE OBITO, EM POLIETILENO DE BAIXA DENSIDADE, IMPERMEAVEL E BIODEGRADAVEL, FORMATO DE  SACO 
NA COR CINZA OU BRANCO, COM FICHA DE IDENTIFICACAO, COM""ZIPER""FRONTAL EM TODA SUA EXTENSAO, ACABAMENTO COM 
SOLDA, ACOMPANHA SACO PARA RESIDUO, E  EXTERNAMENTE A FRASE, ""AGENTE BIOLOGICO RISCO 3"", TAMANHO MEDIO, MINIMO 
DE 60 CM DE LAGURA E 150CM DE COMPRIMENTO, ESPESSURA DE 0,15, A APRESENTACAO DO PRODUTO DEVERA OBEDECER A 
LEGISLACAO ATUAL VIGENTE; EMBALAGEM QUE GARANTA A  INTEGRIDADE DO PRODUTO",11720.0,2020-16.120,03.644.345/0001-76,POLIFILME INDÚSTRIA E COMÉRCIO DE EMBALAGENS LTDA.,10/10/2020,2020-04-28
SECRETARIA ESTADUAL DA SAÚDE,"COBERTURA/INVOLUCRO DE OBITO, EM POLIETILENO DE BAIXA DENSIDADE, IMPERMEAVEL E BIODEGRADAVEL, FORMATO DE  SACO 
NA COR CINZA OU BRANCO, COM FICHA DE IDENTIFICACAO, COM""ZIPER""FRONTAL  EM TODA SUA EXTENSAO, ACABAMENTO COM 
SOLDA, ACOMPANHA SACO PARA RESIDUO, E  EXTERNAMENTE A FRASE ""AGENTE BIOLOGICO RISCO 3"", TAMANHO EXTRA GRANDE, 
MINIMO DE 90CM DE LAGURA E 220CM DE COMPRIMENTO, ESPESSURA DE 0,16, A APRESENTAÇAO DO PRODUTO DEVERA 
OBEDECER A LEGISLACAO ATUAL VIGENTE; EMBALAGEM QUE GARANTA A INTEGRIDADE DO PRODUTO",198992.0,2020-16.120,03.644.345/0001-76,POLIFILME INDÚSTRIA E COMÉRCIO DE EMBALAGENS LTDA.,10/10/2020,2020-04-28
SECRETARIA ESTADUAL DA SAÚDE,"LUVA PARA PROCEDIMENTO, EM LATEX COM BOA SENSIBILIDADE TATIL, COM TEXTURA UNIFORME,SEM FALHAS E FORMATO 
ANATOMICO, TALCADA, NO TAMANHO GRANDE, COM PUNHO ACABADO DE 4 A 6 CM E BAINHA DO MESMO MATERIAL DA LUVA, 
NAO ESTERIL, EMBALADO EM EMBALAGEM PLASTICA INDIVIDUAL CONTENDO UM PAR, O PRODUTO DEVERA SER ENTREGUE 
ACOMPANHADO DO CA,E REGISTRO DO MINISTERIO DA SAUDE E ATENDER A NBR 11193-1",170000.0,2020-16.176,09.260.071/0001-06,CIRURGICA KD LTDA,04/10/2020,2020-04-28
SECRETARIA ESTADUAL DA SAÚDE,"LUVA PARA PROCEDIMENTO, EM LATEX COM BOA SENSIBILIDADE TATIL, COM TEXTURA UNIFORME, SEM FALHAS E FORMATO 
ANATOMICO, TALCADA, NO TAMANHO MEDIO, COM PUNHO ACABADO DE 04 A 06 CM,  COM BAINHA DO MESMO MATERIAL DA 
LUVA, ESTERIL, EMBALADO EM MATERIAL QUE GARANTA A INTEGRIDADE DO PRODUTO, O PRODUTO DEVERA SER ENTREGUE 
ACOMPANHADO DO CA,E REGISTRO DO MINISTERIO DA SAUDE E ATENDER A NBR 11193-1",1360000.0,2020-16.176,09.260.071/0001-06,CIRURGICA KD LTDA,04/10/2020,2020-04-28
SECRETARIA ESTADUAL DA SAÚDE,"LUVA PARA PROCEDIMENTO,  EM LATEX COM BOA SENSIBILIDADE TATIL, COM TEXTURA UNIFORME,SEM FALHAS E FORMATO 
ANATOMICO, TALCADA, NO TAMANHO PEQUENO, COM PUNHO ACABADO DE 04 A 06 CM COM BAINHA DO MESMO MATERIAL DA 
LUVA, ESTERIL, EMBALADO EM MATERIAL QUE GARANTA A INTEGRIDADE DO PRODUTO, O PRODUTO DEVERA SER ENTREGUE 
ACOMPANHADO DO CA,E REGISTRO DO MINISTERIO DA SAUDE E ATENDER A NBR 11193-1",204000.0,2020-16.176,09.260.071/0001-06,CIRURGICA KD LTDA,"04/10/2020
28/04/2020 - 18:58",2020-04-28
SECRETARIA ESTADUAL DA SAÚDE,"LUVA PARA PROCEDIMENTO, EM VINIL, ATOXICA E ANTIALERGICA, COM BOA SENSIBILIDADE TATIL, COM TEXTURA UNIFORME,SEM 
FALHAS E FORMATO ANATOMICO, COM BOA ELASTICIDADE, RESISTENTE, NAO LUBRIFICADA, ISENTA DE TALCO OU QUALQUER 
OUTRO TIPO DE PO, NO TAMANHO MEDIO, COM PUNHO ACABADO DE 04 A 06 CM COM BAINHA DO MESMO MATERIAL DA LUVA, 
NAO ESTERIL, EMBALADO EM MATERIAL QUE GARANTA A INTEGRIDADE DO PRODUTO, O PRODUTO DEVERA SER ENTREGUE 
ACOMPANHADO DO CA,E REGISTRO DO MINISTERIO DA SAUDE E ATENDER A NBR 11193-1",57800.0,2020-16.208,34.094.860/0001-53,KT EPI COM. DE PROD. DE PROT. INDIVIDUAL E INDUSTRIAL - ERELI,10/10/2020,2020-04-28
SECRETARIA ESTADUAL DA SAÚDE,"AVENTAL DESCARTAVEL, EM NAO TECIDO, 100% POLIPROPILENO (TNT), LAMINADO, ABSORVENTE E IMPERMEAVEL , NAO ESTERIL, 
50G/M2, ACABAMENTO EM FECHAMENTO NAS COSTAS E CINTURA COM SISTEMA DE AJUSTE E FIXACAO ATRAVES DE DOIS PARES DE 
AMARRILHOS, MANGA LONGA COM PUNHO EM  MALHA CANELADA NA COLORIDO MEDINDO APROXIMADAMENTE 1,30 X 1,50, 
DECOTE COM VIÉS, TIRAS COSTURADAS, EM MATERIAL QUE GARANTA A INTEGRIDADE DO PRODUTO, O PRODUTO DEVERA 
OBEDECER A LEGISLAÇÃO VIGENTE",10880000.0,2020-16.211,04.124.669/0001-46,TECNO 4 PRODUTOS HOSPITALARES LTDA. EPP,05/10/2020,2020-04-28
SECRETARIA ESTADUAL DA SAÚDE,"OCULOS CIRURGICO DE PROTEÇÃO, EM MATERIAL ACRILICO OU SIMILAR SEM REBARBAS,ATOXICO, COM ADAPTACAO CONFORTAVEL 
AO ROSTO E PROTETOR LATERAL, EMBALADO EM MATERIAL QUE GARANTA A INTEGRIDADE DO PRODUTO, A APRESENTACAO DO 
PRODUTO DEVERA OBEDECER A LEGISLACAO ATUAL VIGENTE",113050.0,2020-16.361,07.439.329/0003-64,"DVT COMERCIO,IMPORTAÇÃO E EXPORTAÇÃO LTDA",10/10/2020,2020-04-28
SECRETARIA ESTADUAL DA SAÚDE,"OCULOS CIRURGICO DE PROTEÇÃO, EM MATERIAL ACRILICO OU SIMILAR LENTE UNICA, TIPO AMPLA VISAO, INCOLOR, EM 
POLICARBONATO ANTI-EMBACANTE E ARMACAO EM PVC MALEAVEL, COM CONFORTÁVEL AO CONTORNO DO ROSTO 
C/REGULAGEM DE COMPRIMENTO E VENTILACAO DIRETA SUPERIOR, EMBALADO EM MATERIAL QUE GARANTA A INTEGRIDADE DO 
PRODUTO, A APRESENTACAO DO PRODUTO DEVERA OBEDECER A LEGISLACAO VIGENTE COM CERTIFICADO DE APROVAÇÃO (CA) 
VALIDO",64040.0,2020-16.361,07.439.329/0003-64,"DVT COMERCIO,IMPORTAÇÃO E EXPORTAÇÃO LTDA",10/10/2020,2020-04-28
SECRETARIA ESTADUAL DA SAÚDE,"MASCARA FACIAL, COM ADAPTADOR PARA O VISOR COM ELASTICO, NÃO ESTERIL, ANATOMICO, SEM REBARBAS PROTEÇÃO DE 
LIQUIDOS E POEIRAS, CONSTITUIDO DE VISOR EM POLICARBONATO, MEDINDO APROXIMADAMENTE 22,2CM X 23,8CM E 0,5MM DE 
ESPESSURA, TRANSPARENTE, A APRESENTACAO DO PRODUTO DEVERA OBEDECER A LEGISLAÇÃO ATUAL VIGENTE E EMBALADO 
INDIVIDUALMENTE EM MATERIAL QUE GARANTA A INTEGRIDADE DO PRODUTO",320000.0,2020-16.642,04.626.152/0001-55,HANNOVER PLASTICOS S.A.,10/10/2020,2020-04-28
SECRETARIA ESTADUAL DA SAÚDE,"COBERTURA DE POLIMERO E OUTRAS ASSOCIACOES MEDINDO 20X50CM, AUTOADERENTE, ATRAUMATICO, RECORTAVEL, FLEXIVEL, 
COMPOSTO POR CAMADA DE SILICONE SUAVE, CAMADA FINA DE ESPUMA DE POLIURETANO E FILME SEMIPERMEAVEL DE 
POLIURETANO, ESTERIL, EMBALADO EM MATERIAL QUE PROMOVA BARREIRA MICROBIANA E ABERTURA ASSEPTICA, A 
APRESENTACAO DO PRODUTO DEVERA OBEDECER A LEGISLAÇÃO VIGENTE",145800.0,2020-16.645,12.600.168/0001-17,MOLNNLYCKE HEALTH CARE VENDA DE PRODUTOS MÉDICOS LTDA.,12/10/2020,2020-04-28
SECRETARIA ESTADUAL DA SAÚDE,"MASCARA DE PROTECAO DESCARTAVEL CONFECCIONADO EM TNT 100% POLIPROPILENO, COM CAMADA SIMPLES, COM 
GRAMATURA  60GR , ELÁSTICO PARA FIXAÇÃO; ACABAMENTO NAS EXTREMIDADES POR COSTURA, QUE  NÃO PASSA E NEM RECEBE 
MICRO-GOTÍCULAS, TAMANHO   NICO; TRÊS PREGAS, SEM CLIP NASAL, USO EM AMBIENTES COM POEIRA E UMIDADE, 
APRESENTACAO EM EMBALAGEM  QUE GARANTA A INTEGRIDADE DO PRODUTO, ROTULAGEM RESPEITANDO A LEGISLAÇÃO ATUAL 
VIGENTE",46000.0,2020-16.647,27.478.461/0001-20,YASMIN ANDRIES CURY ME,19/10/2020,2020-04-28
SECRETARIA ESTADUAL DA SAÚDE,"MÁSCARA DE PROTEÇÃO TIPO RESPIRADOR, FORMATO ANATÔMICO, ADULTO DESCARTÁVEL, ANTIALÉRGICA, INODORA, ATÓXICA, 
CONFECCIONADA EM FIBRAS DE POLIÉSTER, COM MEIO FILTRANTE, CAMADA EXTERNA DE POLIPROPILENO E POLIETILENO, UMA 
CAMADA INTERNA DE CELULOSE /POLIÉSTER (CLASSE PFF2/ N 95), UM PAR DE ELÁSTICOS PARA FIXAÇÃO. O PRODUTO DEVERÁ 
ATENDER A NBR 13698 E 13697 E APROVAÇÃO NO MINISTÉRIO DO TRABALHO. EMBALADO EM MATERIAL QUE GARANTA A 
INTEGRIDADE DO PRODUTO.",2872000.0,2020-16.648,45.985.371/0001-08,3M DO BRASIL LTDA,10/10/2020,2020-04-28
SECRETARIA ESTADUAL DA SAÚDE,"MASCARA DE PROTECAO DESCARTAVEL, CONFECCIONADO EM FIBRAS SINTETICAS, SEMI FACIAL SEM VALVULA DE EXALAÇÃO, 95 PFF-
2(S), COM MICROFIBRAS TRATADAS ELETROESTATICAMENTE, NÃO TECIDO TRATADO, MOLDADO, COM TIRAS DE ELÁSTICO PARA 
FIXAÇÃO E CLIPS DE METAL PARA FIXAÇÃO NASAL, QUE PERMITA PROTEÇÃO RESPIRATÓRIA DO USUÁRIO EM AMBIENTE 
HOSPITALAR, COM PRESENÇA DE AERODISPERSORES, USO EM PROTEÇÃO RESPIRATÓRIA CONTRA AEROSSOIS, APRESENTACAO EM 
MATERIAL QUE GARANTA A INTEGRIDADE DO PRODUTO, ROTULAGEM RESPEITANDO A EXIGENCIAS DA NR 6 DA PORTARIA 3214/78 
E ACOMPANHADO DO CA",763200.0,2020-16.648,45.985.371/0001-08,3M DO BRASIL LTDA,"10/10/2020
28/04/2020 - 18:58",2020-04-28
SECRETARIA ESTADUAL DA SAÚDE,"RESPIRADOR SEMIFACIAL PECA FACIAL FILTRANTE, CONFECCIONADO EM CAMADAS FILTRANTES DE FIBRAS SINTETICAS; SEM 
MANUTENCAO, NO TAMANHO REGULAR, NA COR BRANCA, DO TIPO DOBRAVEL, CLASSE PFF2, SEM VALVULA DE EXALACAO, 
INDICADO PARA PROTECAO DE VIAS RESPIRATORIAS, COM 2 PRESILHAS EM MATERIAL PLASTICO PRETO FIXADAS AS LATERAIS C/2 
TIRANTES ELASTICOS ENTRELACADOS, COM 04 ALCAS (02 NA PARTE SUPERIOR E 02 NA PARTE INFERIOR), COM ACABAMENTO 
SOLDADO; COM 01 TIRA METALICA MOLDAVEL FIXADA NA PARTE SUPERIOR EXTERNA DA PECA, O RESPIRADOR DEVERA ESTAR DE 
ACORDO COM A NORMA NBR 13698 - ABNT, COM CERTIFICADO DE APROVACAO DO MINISTERIO DO TRABALHO, COM GARANTIA DE 
01 ANO CONTRA DEFEITOS DE FABRICACAO",494587.2,2020-16.648,45.985.371/0001-08,3M DO BRASIL LTDA,10/10/2020,2020-04-28
SECRETARIA ESTADUAL DA SAÚDE,"APARELHO DE ANESTESIA ESTRUTURA EM POLIMERO DE ALTO IMPACTO, P/ PACIENTES ADULTO, PEDIATRICO E NEONATAL, COM 
RODAS COM FREIO, COMPOSTO DE GABINETE COM 2 GAVETAS E BANDEJA, ROTAMETROS DIGITAL(O2,N2O E AR COMPRIMIDO) 
ESCALA COM PRECISAO PARA BAIXO FLUXO, SERVOMATICOS DE SISTEMA SERVOMATICO DE PRESSAO QUE IMPEDE 
AUTOMATICAMENTE A ADMINSTRACAO DE N2O, NA FALTA DE O2, VAPORIZADOR(ES) 2 CALIBRADOS CAPACIDADE 100 ML, 
VENTILADOR PULMONAR MICROPROCESSADO, VENTILACAO MANUAL, CONTROLADA A VOLUME E LIMITADA A PRESSAO, 
ESPONTANEA, SIMV E PS, COM INDICADORES DE FREQUENCIA, VOLUME CORRENTE POR SENSOR DISTAL E VOLUME MINUTO, 
ALARMES PRESSAO(MAX E MIN), APNEIA, VOLUME MINUTO(MAX E MIN) %AGENTE ANESTES., BAIXA PRES OU FLUXO O2, S/ENERG, 
CONEXOES INTERFACE RS 232, TESTES DE CALIBRACAO E COMPLACENCIA E IDENTIFICACAO DO AGENTE ANESTESICO, VALVULA DE 
SEGURANCA CONTRA EXCESSO DE PRESSAO ENDOTRAQUIAL, FILTRO VALVAR, CANISTER DE CAL SODADA 800 G, FECHAMENTO DE 
ENGATE RAPIDO, CIRUITOS DE PACIENTE COMPOSTOS DE SILICONE (3 ADULTOS, 1 PEDIATRICO E 1 NEONATAL), ACOMPANHA 1 
CONJUNTO DE EXTENSOES AR/O2/N2O E 3 VALVULAS REGULADORAS, ALIMENTACAO COMPATIVEL COM LOCAL DE INSTALACAO, 
BATERIA DE 30MINUTOS, INCLUI: MANUAIS DE OPERACAO, TREINAMENTO E GARANTIA DE 12 MESES",110275000.0,2020-16.884,EIM number 831426803,HICHENS HARRISON CAPITAL PARTNER LLC,21/10/2020,2020-04-28
SECRETARIA ESTADUAL DA SAÚDE,"VENTILADOR PULMONAR ELETRONICO, MICROPROCESSADO, VOLUMETRICO. ADULTO OU PEDIATRICO, C/MONITOR GRAFICO LCD 
COLORIDO, CURVAS PXT, FXT, VXP E LOOPS, CELULA DE O2 PARAMAGNETICA, VOL., PRES., TEMPO ASSIST/CONTROLADO, SIMV-V, 
SIMV-P, CPAP, PRESSAO SUPORTE, SIMV, CPAP FLUXO CONTINUO, APRV, FREQ.(5-120BPM),VOL.COR.(50-2000ML),PRES.MAX(0-
70MMH2O), PS(5-50MMH2O), PEEP(1-35MMH2O), FLUXO INSP.(6-120L/MIN), TRIGGER(1-5L/MIN),CICLAGEM PS(10-50%), FIO2(21-
100%), T.INSP.(0,2-8S), DIGITAL, 12 POLEGADAS, DESCONEXAO CIRCUITO, APNEIA, FALHA FORN.GAS, ENEG.EL.RS232 OU MIB, IEC 
60601-1, 60601-2-12 E 60601-1-2, ALIMENTACAO 127/220 VOLTS, COM BATERIA RECARREGAVEL, AUTONOMIA DE 120 MIN, 
DIMENSOES: DE ACORDO COM A DISPONIBILIDADE DO MERCADO, ACOMPANHA: CIRCUITO RESPIRAT.COMPLETO,EXTENS.DE O2, 
CONVERSOR AC/DC, SUPORTE P/MACA E PAREDE, BAT.EXT.12VDC, INCLUI: GARANTIA 12 MESES, INSTALACAO, TREINAMENTO E 
ASSISTENCIA TECNICA.",440550000.0,2020-16.884,EIM number 831426803,HICHENS HARRISON CAPITAL PARTNER LLC,21/10/2020,2020-04-28
SECRETARIA ESTADUAL DA SAÚDE,"LUVA PARA PROCEDIMENTO, EM LATEX COM BOA SENSIBILIDADE TATIL, COM TEXTURA UNIFORME,SEM FALHAS E FORMATO 
ANATOMICO, TALCADA, NO TAMANHO GRANDE, COM PUNHO ACABADO DE 4 A 6 CM E BAINHA DO MESMO MATERIAL DA LUVA, 
NAO ESTERIL, EMBALADO EM EMBALAGEM PLASTICA INDIVIDUAL CONTENDO UM PAR, O PRODUTO DEVERA SER ENTREGUE 
ACOMPANHADO DO CA,E REGISTRO DO MINISTERIO DA SAUDE E ATENDER A NBR 11193-1",98600.0,2020-17.011,09.260.071/0001-06,CIRURGICA KD LTDA,13/10/2020,2020-04-28
SECRETARIA ESTADUAL DA SAÚDE,"LUVA PARA PROCEDIMENTO, EM LATEX COM BOA SENSIBILIDADE TATIL, COM TEXTURA UNIFORME, SEM FALHAS E FORMATO 
ANATOMICO, TALCADA, NO TAMANHO MEDIO, COM PUNHO ACABADO DE 04 A 06 CM,  COM BAINHA DO MESMO MATERIAL DA 
LUVA, ESTERIL, EMBALADO EM MATERIAL QUE GARANTA A INTEGRIDADE DO PRODUTO, O PRODUTO DEVERA SER ENTREGUE 
ACOMPANHADO DO CA,E REGISTRO DO MINISTERIO DA SAUDE E ATENDER A NBR 11193-1",680000.0,2020-17.011,09.260.071/0001-06,CIRURGICA KD LTDA,13/10/2020,2020-04-28
SECRETARIA ESTADUAL DA SAÚDE,"LUVA PARA PROCEDIMENTO,  EM LATEX COM BOA SENSIBILIDADE TATIL, COM TEXTURA UNIFORME,SEM FALHAS E FORMATO 
ANATOMICO, TALCADA, NO TAMANHO PEQUENO, COM PUNHO ACABADO DE 04 A 06 CM COM BAINHA DO MESMO MATERIAL DA 
LUVA, ESTERIL, EMBALADO EM MATERIAL QUE GARANTA A INTEGRIDADE DO PRODUTO, O PRODUTO DEVERA SER ENTREGUE 
ACOMPANHADO DO CA,E REGISTRO DO MINISTERIO DA SAUDE E ATENDER A NBR 11193-1",170000.0,2020-17.011,09.260.071/0001-06,CIRURGICA KD LTDA,13/10/2020,2020-04-28
SECRETARIA ESTADUAL DA SAÚDE,"LUVA DE PROCEDIMENTO, EM 100% BORRACHA NITRILICA, SEM FORRO, COR VARIADA, COM BOA SENSIBILIDADE TATIL, COM 
TEXTURA UNIFORME,SEM FALHAS E FORMATO ANATOMICO, NAO TALCADA, NO  TAMANHO GRANDE, COM PUNHO ACABADO DE 
CANO LONGO, NAO ESTERIL, EMBALADO EM MATERIAL QUE GARANTA A INTEGRIDADE DO PRODUTO, O PRODUTO DEVERA SER 
ENTREGUE ACOMPANHADO DO CA,E ATENDER A LEGISLAÇÃO ATUAL.",170000.0,2020-17.011,09.260.071/0001-06,CIRURGICA KD LTDA,13/10/2020,2020-04-28
SECRETARIA ESTADUAL DA SAÚDE,"LUVA DE PROCEDIMENTO EM 100% BORRACHA NITRILICA, SEM FORRO, COR VARIADA, COM BOA SENSIBILIDADE TATIL, COM 
TEXTURA UNIFORME, SEM FALHAS E FORMATO ANATOMICO, NAO TALCADA, NO TAMANHO MEDIO, COM PUNHO ACABADO DE 
CANO LONGO, NAO ESTERIL, EMBALADO EM MATERIAL QUE GARANTA A INTEGRIDADE DO PRODUTO, O PRODUTO DEVERA SER 
ENTREGUE ACOMPANHADO DO CA, E ATENDER A LEGISLAÇÃO ATUAL",340000.0,2020-17.011,09.260.071/0001-06,CIRURGICA KD LTDA,13/10/2020,2020-04-28
SECRETARIA ESTADUAL DA SAÚDE,"LUVA DE PROCEDIMENTO EM 100% BORRACHA NITRILICA, SEM FORRO, COR VARIADA, COM BOA SENSIBILIDADE TATIL, COM 
TEXTURA UNIFORME, SEM FALHAS E FORMATO ANATOMICO, NAO TALCADA, NO TAMANHO PEQUENO, COM PUNHO ACABADO DE 
CANO LONGO, NAO ESTERIL, EMBALADO EM MATERIAL QUE GARANTA A INTEGRIDADE DO PRODUTO, O PRODUTO DEVERA SER 
ENTREGUE ACOMPANHADO DO CA, E ATENDER A LEGISLAÇÃO ATUAL",340000.0,2020-17.011,09.260.071/0001-06,CIRURGICA KD LTDA,13/10/2020,2020-04-28
SECRETARIA ESTADUAL DA SAÚDE,"MASCARA CIRURGICA DESCARTAVEL , EM NAO TECIDO,100% POLIPROPILENO,GRAMATURA 20G/M2,C/TIRAS DE MINIMO 30CM OU 
ELASTICO, COM CLIP NASAL E PREGAS HORIZONTAIS, TRES CAMADAS,C/ACABAMENTO EM SOLDA ELETRONICA, HIPOALERGICAS, 
SENDO A INTERMEDIARIA C/FILTRO QUE GARANTA VENTILACAO ADEQUADA, EMBALAGEM MATERIAL QUE GARANTA A 
INTEGRIDADE DO PRODUTO, A APRESENTACAO DO PRODUTO DEVERA OBEDECER A LEGISLACAO ATUAL VIGENTE",104400000.0,2020-17.040,07.139.218/0001-70,FORMED REPRESENTAçAO E COM DE EQUIPTOS ME,14/10/2020,2020-04-28
SECRETARIA ESTADUAL DA SAÚDE,"SISTEMA DE ASPIRACAO TRAQUEAL FECHADO, COMPOSTO POR: SONDA DE ASPIRACAO ENDOTRAQUEAL, EM PVC OU SIMILAR, COM 
PONTA LISA, MEDINDO NO MINIMO 48CM DE COMPRIMENTO E CALIBRE 12 FR COM MARCA DE GRADUACAO EM TODA EXTENSAO 
DO TUBO, COM C/ORIFICIOS LATERAIS INDICADO P/ PROCEDIMENTOS DE ASPIRACAO DE SECRECOES EM PACIENTES EM 
VENTILACAO, LUVA EM ACETATO VINILO POLIETILENO OU SIMILAR,POSSIBILITA OMANUSEIO DO TUBO S/ CONTATO C/ SECRECAO, 
ADAPTADOR COM UNIVERSAL, COM APRESENTA VIA MDI, POSSIBILITA O USO DE AEROSSOL SEM DESCONEXAO DO TUBO, COM 
POSSUI VALVULA P/ ATIVAÇAO DA ASPIRACAO, VIA DE IRRIGACAO QUE PERMITE INSTILACAO E LAVAGEM DO TUBO, CONECTOR DE 
VACUO COM TAMPA PROTETORA, ESTERIL, EMBALADO EM EMBALAGEM INDIVIDUAL, A APRESENTACAO DO PRODUTO DEVERA 
OBEDECER A LEGISLACAO VIGENTE",2239920.0,2020-17.143,61.418.042/0001-31,CIR.FERNANDES COM.MAT.CIR.E HOS.SOCIED.LT,13/10/2020,2020-04-28
SECRETARIA ESTADUAL DA SAÚDE,"SISTEMA DE ASPIRACAO TRAQUEAL FECHADO, COMPOSTO POR: SONDA DE ASPIRACAO ENDOTRAQUEAL, EM PVC OU SIMILAR, COM 
PONTA LISA, MEDINDO NO MINIMO 48CM DE COMPRIMENTO E CALIBRE 14 FR COM MARCA DE GRADUACAO EM TODA EXTENSAO 
DO TUBO, COM C/ORIFICIOS LATERAIS INDICADO P/ PROCEDIMENTOS DE ASPIRACAO DE SECRECOES EM PACIENTES EM 
VENTILACAO, LUVA EM ACETATO VINILO POLIETILENO OU SIMILAR,POSSIBILITA O MANUSEIO DO TUBO S/ CONTATO C/ SECRECAO, 
ADAPTADOR COM UNIVERSAL, COM APRESENTA VIA MDI, POSSIBILITA O USO DE AEROSSOL SEM DESCONEXAO DO TUBO, COM 
POSSUI VALVULA P/ ATIVAÇAO DA ASPIRACAO, VIA DE IRRIGACAO QUE PERMITE INSTILACAO E LAVAGEM DO TUBO, CONECTOR DE 
VACUO COM TAMPA PROTETORA, ESTERIL, EMBALADO EM EMBALAGEM INDIVIDUAL, A APRESENTACAO DO PRODUTO DEVERA 
OBEDECER A LEGISLACAO VIGENTE",4479840.0,2020-17.143,61.418.042/0001-31,CIR.FERNANDES COM.MAT.CIR.E HOS.SOCIED.LT,13/10/2020,2020-04-28
SECRETARIA ESTADUAL DA SAÚDE,"SISTEMA DE ASPIRACAO TRAQUEAL FECHADO, COMPOSTO POR: SONDA DE ASPIRACAO ENDOTRAQUEAL, EM PVC OU SIMILAR, COM 
PONTA LISA, MEDINDO NO MINIMO 48CM DE COMPRIMENTO E CALIBRE 16 FR COM MARCA DE GRADUACAO EM TODA EXTENSAO 
DO TUBO, COM C/ORIFICIOS LATERAIS INDICADO P/ PROCEDIMENTOS DE ASPIRACAO DE SECRECOES EM PACIENTES EM 
VENTILACAO, LUVA EM ACETATO VINILO POLIETILENO OU SIMILAR,POSSIBILITA O MANUSEIO DO TUBO S/ CONTATO C/ SECRECAO, 
ADAPTADOR COM UNIVERSAL, COM APRESENTA VIA MDI, POSSIBILITA O USO DE AEROSSOL SEM DESCONEXAO DO TUBO, COM 
POSSUI VALVULA P/ ATIVAÇAO DA ASPIRACAO, VIA DE IRRIGACAO QUE PERMITE INSTILACAO E LAVAGEM DO TUBO, CONECTOR DE 
VACUO COM TAMPA PROTETORA, ESTERIL, EMBALADO EM EMBALAGEM INDIVIDUAL, A APRESENTACAO DO PRODUTO DEVERA 
OBEDECER A LEGISLACAO VIGENTE",748133.28,2020-17.143,61.418.042/0001-31,CIR.FERNANDES COM.MAT.CIR.E HOS.SOCIED.LT,13/10/2020,2020-04-28
SECRETARIA ESTADUAL DA SAÚDE,"HIGIENIZADOR, EM GEL, NEUTRO, COMPOSTO DE ALCOOL ETILICO 70%, CONTENDO HIDRATANTE PARA PELE, INDICADO PARA ACAO 
BACTERICIDA E ANTISSEPTICO PARA AS MAOS, ACONDICIONADO EM FRASCO PLASTICO, C/ VALVULA TIPO PUMP C/ BICO DOSADOR E 
C/ DISPOSITIVO ANTI-ENTUPIMENTO E VAZAMENTO, PRODUTO SUJEITO A VERIFICACAO NO ATO DA ENTREGA AOS 
PROCEDIMENTOS ADM.DETERMINADOS PELA ANVISA",72150.0,2020-17.203,31.543.766/0001-46,QUALIFY COMERCIO DISTRIBUICAO E SERVICOS - EIRELI,13/10/2020,2020-04-28
SECRETARIA ESTADUAL DA SAÚDE,"AVENTAL DESCARTAVEL, EM NAO TECIDO (100% POLIPROPILENO), GRAMATURA 40G/M², NAO ESTERIL, PARA USO CLINICO E 
LABORATORIAL, ACABAMENTO EM OVERLOCK, COM PAR DE FITILHOS PARA AMARRAR NAS COSTAS E NO PESCOÇO, MANGA LONGA, 
COM LASTEX NO PUNHO, SEM DECOTE, MEDINDO 1,30 X 1,50CM, EMBALADO EM MATERIAL QUE GARANTA A INTEGRIDADE DO 
PRODUTO, O PRODUTO DEVERA OBEDECER A LEGISLACAO ATUAL VIGENTE",25800000.0,2020-17.240,87.203.121/0001-19,DOMPEL IND. PLASTICA E METALURGICA LTDA.,20/10/2020,2020-04-28
SECRETARIA ESTADUAL DA SAÚDE,"AVENTAL DESCARTAVEL, EM NAO TECIDO (100% POLIPROPILENO), GRAMATURA 40G/M², NAO ESTERIL, PARA USO CLINICO E 
LABORATORIAL, ACABAMENTO EM OVERLOCK, COM PAR DE FITILHOS PARA AMARRAR NAS COSTAS E NO PESCOÇO, MANGA LONGA, 
COM LASTEX NO PUNHO, SEM DECOTE, MEDINDO 1,30 X 1,50CM, EMBALADO EM MATERIAL QUE GARANTA A INTEGRIDADE DO 
PRODUTO, O PRODUTO DEVERA OBEDECER A LEGISLACAO ATUAL VIGENTE",28000000.0,2020-17.251,09.557.129/0001-70,ORTOMEDICAL COM. ATACADISTA DE MAT. MED. HOSP. EIRELI – EPP,21/10/2020,2020-04-28
SECRETARIA ESTADUAL DA SAÚDE,"OXIMETRO DE DEDO APRESENTANDO MEDIÇÃO DO NIVEL DE SATURACAO DE OXIGENIO DO SANGUE E FREQUENCIA CARDIACA, 
COM ESCALA DE SAO2 DE 35 A 99% E FREQUENCIA CARDIACA: 30 A 250 BPM, COM RESOLUÇÃO DE NO MINIMO 1%, COM 
TOLERANCIA DE NO MINIMO 2%, COM SENSORES ADULTO E PEDIATRICO INTEGRADO AO DISPLAY, ALIMENTAÇÃO PILHAS OU 
BATERIA, PORTATIL, COM INDICADOR DE PILHA FRACA, ACOMPANHA ESTOJO PARA TRANSPORTE E 2 PILHAS OU BATERIA, INCLUI: 
MANUAL DE OPERAÇÃO, GARANTIA MINIMA 12 MESES, TREINAMENTO E ASSISTENCIA TECNICA.",77000.0,2020-17.257,66.581.935/0001-17,MONTSERRAT COMERCIAL IMPORTADORA E EXPORTADORA LTDA,21/10/2020,2020-04-28
SECRETARIA ESTADUAL DA SAÚDE,"PROPE CIRURGICO, EM TNT (100% POLIPROPILENO), DESCARTAVEL, GRAMATURA 20GR/M2, ACABAMENTO DA   ABERTURA EM 
LATEX, COM APROXIMADAMENTE 35X42CM, PERMITINDO A COBERTURA COMPLETA DO CALCADO,TENDO ELASTICO EM TODA A 
VOLTA, EMBALADO EM, MATERIAL QUE GARANTA A INTEGRIDADE DO PRODUTO, A  APRESENTACAO DO PRODUTO DEVERA 
OBEDECER A LEGISLACAO VIGENTE",9500.0,2020-17.354,27.608.037/0001-53,DEJAMARO IND E COM DE PROD MED HOSP LTDA,14/10/2020,2020-04-28
SECRETARIA ESTADUAL DA SAÚDE,"AVENTAL DESCARTAVEL, EM NAO TECIDO (100% POLIPROPILENO), GRAMATURA 40G/M², NAO ESTERIL, PARA USO CLINICO E 
LABORATORIAL, ACABAMENTO EM OVERLOCK, COM PAR DE FITILHOS PARA AMARRAR NAS COSTAS E NO PESCOÇO, MANGA LONGA, 
COM LASTEX NO PUNHO, SEM DECOTE, MEDINDO 1,30 X 1,50CM, EMBALADO EM MATERIAL QUE GARANTA A INTEGRIDADE DO 
PRODUTO, O PRODUTO DEVERA OBEDECER A LEGISLACAO ATUAL VIGENTE",14190000.0,2020-17.663,28.476.997/0001-70,MARCELO NERES DE OLIVEIRA,20/10/2020,2020-04-28
SECRETARIA ESTADUAL DA SAÚDE,"AVENTAL DESCARTAVEL , EM NAO TECIDO SSMMSS, LAMINADO, GRAMATURA DE 50 G/M2, COM BARREIRA VIRAL E MICROBIANA, 
ACABAMENTO EM OVERLOCK, COMPRIMENTO MINIMO DE 1,30M E LARGURA DE 1,40M, TAMANHO GRANDE, COM MANGA 
LONGA,COM PUNHO ELASTICO OU MALHA CANELADA, DECOTE COM VIES; FECHAMENTO POSTERIOR POR VELCRO NO PESCOCO E 
NA CINTURA COM AMARRILHOS; NAO ESTERIL, EM MATERIAL QUE GARANTA A INTEGRIDADE DO PRODUTO, O PRODUTO DEVERA 
OBEDECER A LEGISLAÇÃO VIGENTE",270000.0,2020-17.833,06.972.729/0001-06,VEDANA COM. DE PROD. E SERVIÇOS PARA SAÚDE EIRELLI-EPP,21/10/2020,2020-04-28
SECRETARIA ESTADUAL DA SAÚDE,"LUVA PARA PROCEDIMENTO, EM LATEX COM BOA SENSIBILIDADE TATIL, COM TEXTURA UNIFORME,SEM FALHAS E FORMATO 
ANATOMICO, TALCADA, NO TAMANHO GRANDE, COM PUNHO ACABADO DE 4 A 6 CM E BAINHA DO MESMO MATERIAL DA LUVA, 
NAO ESTERIL, EMBALADO EM EMBALAGEM PLASTICA INDIVIDUAL CONTENDO UM PAR, O PRODUTO DEVERA SER ENTREGUE 
ACOMPANHADO DO CA,E REGISTRO DO MINISTERIO DA SAUDE E ATENDER A NBR 11193-1",174500.0,2020-18.163,09.260.071/0001-06,CIRURGICA KD LTDA,24/10/2020,2020-04-28
SECRETARIA ESTADUAL DA SAÚDE,"LUVA PARA PROCEDIMENTO, EM LATEX COM BOA SENSIBILIDADE TATIL, COM TEXTURA UNIFORME, SEM FALHAS E FORMATO 
ANATOMICO, TALCADA, NO TAMANHO MEDIO, COM PUNHO ACABADO DE 04 A 06 CM,  COM BAINHA DO MESMO MATERIAL DA 
LUVA, ESTERIL, EMBALADO EM MATERIAL QUE GARANTA A INTEGRIDADE DO PRODUTO, O PRODUTO DEVERA SER ENTREGUE 
ACOMPANHADO DO CA,E REGISTRO DO MINISTERIO DA SAUDE E ATENDER A NBR 11193-1",523500.0,2020-18.163,09.260.071/0001-06,CIRURGICA KD LTDA,24/10/2020,2020-04-28
SECRETARIA ESTADUAL DA SAÚDE,"LUVA DE PROCEDIMENTO EM 100% BORRACHA NITRILICA, SEM FORRO, COR VARIADA, COM BOA SENSIBILIDADE TATIL, COM 
TEXTURA UNIFORME, SEM FALHAS E FORMATO ANATOMICO, NAO TALCADA, NO TAMANHO MEDIO, COM PUNHO ACABADO DE 
CANO LONGO, NAO ESTERIL, EMBALADO EM MATERIAL QUE GARANTA A INTEGRIDADE DO PRODUTO, O PRODUTO DEVERA SER 
ENTREGUE ACOMPANHADO DO CA, E ATENDER A LEGISLAÇÃO ATUAL",174500.0,2020-18.163,09.260.071/0001-06,CIRURGICA KD LTDA,24/10/2020,2020-04-28
SECRETARIA ESTADUAL DA SAÚDE,"LUVA DE PROCEDIMENTO EM 100% BORRACHA NITRILICA, SEM FORRO, COR VARIADA, COM BOA SENSIBILIDADE TATIL, COM 
TEXTURA UNIFORME, SEM FALHAS E FORMATO ANATOMICO, NAO TALCADA, NO TAMANHO PEQUENO, COM PUNHO ACABADO DE 
CANO LONGO, NAO ESTERIL, EMBALADO EM MATERIAL QUE GARANTA A INTEGRIDADE DO PRODUTO, O PRODUTO DEVERA SER 
ENTREGUE ACOMPANHADO DO CA, E ATENDER A LEGISLAÇÃO ATUAL",174500.0,2020-18.163,09.260.071/0001-06,CIRURGICA KD LTDA,24/10/2020,2020-04-28
SECRETARIA ESTADUAL DA SAÚDE,"AVENTAL DESCARTAVEL , EM 100% POLIETILENO, IMPERMEAVEL, GRAMATURA 50 G/M², ACABAMENTO EM OVERLOCK , MEDIDA 
MINIMA DE 1,20 X 1,50, COLORIDO, MANGA LONGA COM PUNHO EM MALHA, DECOTE COM GOLA OVERLOCK, EMBALADO EM 
MATERIAL QUA GARANTA A INTEGRIDADE  DO PRODUTO, O PRODUTO DEVERA OBEDECER A LEGISLAÇÃO VIGENTE",1340000.0,2020-18.325,21.670.010/0001-04,COMERCIAL CIRÚRGICA IPERO EIRELLI ME,25/10/2020,2020-04-28
SECRETARIA ESTADUAL DA SAÚDE,"AVENTAL DESCARTAVEL , EM 100% POLIETILENO, IMPERMEAVEL, GRAMATURA 50 G/M², ACABAMENTO EM OVERLOCK , MEDIDA 
MINIMA DE 1,20 X 1,50, COLORIDO, MANGA LONGA COM PUNHO EM ELASTICO, DECOTE COM GOLA OVERLOCK, EMBALADO EM 
MATERIAL QUA GARANTA A INTEGRIDADE  DO PRODUTO, O PRODUTO DEVERA OBEDECER A LEGISLAÇÃO VIGENTE",2510000.0,2020-18.325,21.670.010/0001-04,COMERCIAL CIRÚRGICA IPERO EIRELLI ME,25/10/2020,2020-04-28
